2007-07-02,13.240000,16.650000,17.510000,18.430000,,12.000000,11.280000,16.960000,20.820000,24.840000,
2007-06-29,13.210000,16.550000,17.370000,18.270000,,11.990000,11.260000,16.780000,20.560000,24.660000,
2007-06-28,13.200000,16.530000,17.350000,18.240000,,11.990000,11.210000,16.810000,20.600000,24.450000,
2007-06-27,13.200000,16.520000,17.340000,18.230000,,11.990000,11.240000,16.820000,20.560000,24.350000,
2007-06-26,13.180000,16.450000,17.250000,18.120000,,11.990000,11.220000,16.660000,20.310000,24.410000,
2007-06-25,13.180000,16.470000,17.280000,18.150000,,11.990000,11.230000,16.720000,20.400000,24.350000,
2007-06-22,13.190000,16.510000,17.340000,18.230000,,11.980000,11.200000,16.770000,20.560000,24.510000,
2007-06-21,13.210000,16.600000,17.450000,18.360000,,11.980000,11.180000,16.990000,20.700000,24.580000,
2007-06-20,13.200000,16.550000,17.390000,18.290000,,11.980000,11.200000,16.880000,20.610000,24.520000,
2007-06-19,13.230000,16.670000,17.540000,18.460000,,11.980000,11.230000,17.110000,20.870000,24.680000,
2007-06-18,13.220000,16.660000,17.520000,18.450000,,11.970000,11.200000,17.080000,20.840000,24.710000,
2007-06-15,13.220000,16.660000,17.520000,18.450000,,11.970000,11.180000,17.100000,20.870000,24.660000,
2007-06-14,13.190000,16.560000,17.400000,18.300000,,11.970000,11.150000,16.990000,20.680000,24.340000,
2007-06-13,13.180000,16.510000,17.340000,18.230000,,11.970000,11.150000,16.910000,20.550000,24.230000,
2007-06-12,13.140000,16.380000,17.180000,18.040000,,11.960000,11.120000,16.650000,20.320000,24.060000,
2007-06-11,13.170000,16.480000,17.310000,18.190000,,11.960000,11.180000,16.830000,20.530000,24.210000,
2007-06-08,13.170000,16.480000,17.300000,18.190000,,11.960000,11.180000,16.820000,20.530000,24.240000,
2007-06-07,13.140000,16.370000,17.170000,18.030000,,11.960000,11.190000,16.630000,20.320000,24.030000,
2007-06-06,13.190000,16.580000,17.420000,18.330000,,11.950000,11.250000,16.920000,20.720000,24.560000,
2007-06-05,13.210000,16.680000,17.550000,18.480000,,11.950000,11.250000,17.070000,20.950000,24.830000,
2007-06-04,13.230000,16.720000,17.610000,18.550000,,11.950000,11.280000,17.160000,21.080000,24.860000,
2007-06-01,13.210000,16.690000,17.570000,18.510000,,11.950000,11.260000,17.130000,21.010000,24.770000,
2007-05-31,13.200000,16.640000,17.510000,18.440000,,11.940000,11.290000,17.070000,20.880000,24.610000,
2007-05-30,13.200000,16.620000,17.480000,18.400000,,11.940000,11.290000,17.060000,20.790000,24.520000,
2007-05-29,13.180000,16.550000,17.400000,18.300000,,11.940000,11.290000,16.920000,20.600000,24.480000,
2007-05-25,13.160000,16.510000,17.340000,18.240000,,11.940000,11.300000,16.890000,20.440000,24.330000,
2007-05-24,13.150000,16.460000,17.280000,18.160000,,11.930000,11.300000,16.800000,20.310000,24.260000,
2007-05-23,13.180000,16.580000,17.430000,18.350000,,11.930000,11.300000,16.960000,20.610000,24.610000,
2007-05-22,13.170000,16.570000,17.420000,18.330000,,11.930000,11.310000,16.980000,20.670000,24.410000,
2007-05-21,13.170000,16.550000,17.400000,18.310000,,11.930000,11.330000,16.990000,20.560000,24.350000,
2007-05-18,13.160000,16.520000,17.360000,18.260000,,11.920000,11.310000,16.970000,20.360000,24.350000,
2007-05-17,13.150000,16.460000,17.290000,18.170000,,11.920000,11.340000,16.860000,20.220000,24.220000,
2007-05-16,13.150000,16.480000,17.310000,18.200000,,11.920000,11.360000,16.870000,20.260000,24.300000,
2007-05-15,13.130000,16.430000,17.250000,18.130000,,11.920000,11.350000,16.720000,20.150000,24.380000,
2007-05-14,13.140000,16.440000,17.270000,18.150000,,11.920000,11.360000,16.740000,20.290000,24.320000,
2007-05-11,13.140000,16.460000,17.290000,18.180000,,11.910000,11.370000,16.770000,20.410000,24.280000,
2007-05-10,13.110000,16.360000,17.160000,18.030000,,11.910000,11.380000,16.610000,20.190000,24.040000,
2007-05-09,13.150000,16.510000,17.350000,18.250000,,11.910000,11.370000,16.840000,20.490000,24.450000,
2007-05-08,13.140000,16.460000,17.290000,18.180000,,11.910000,11.390000,16.780000,20.370000,24.310000,
2007-05-07,13.140000,16.500000,17.340000,18.250000,,11.910000,11.380000,16.800000,20.400000,24.580000,
2007-05-04,13.130000,16.460000,17.300000,18.190000,,11.900000,11.380000,16.760000,20.400000,24.400000,
2007-05-03,13.120000,16.420000,17.240000,18.130000,,11.900000,11.360000,16.720000,20.330000,24.200000,
2007-05-02,13.110000,16.390000,17.200000,18.080000,,11.900000,11.370000,16.640000,20.290000,24.190000,
2007-05-01,13.090000,16.310000,17.110000,17.970000,,11.900000,11.370000,16.540000,20.030000,24.050000,
2007-04-30,13.080000,16.290000,17.080000,17.940000,,11.900000,11.370000,16.490000,20.000000,24.000000,
2007-04-27,13.100000,16.370000,17.180000,18.060000,,11.890000,11.340000,16.620000,20.280000,24.140000,
2007-04-26,13.100000,16.380000,17.200000,18.080000,,11.890000,11.340000,16.620000,20.350000,24.200000,
2007-04-25,13.100000,16.390000,17.200000,18.090000,,11.890000,11.360000,16.630000,20.310000,24.220000,
2007-04-24,13.080000,16.310000,17.110000,17.970000,,11.890000,11.370000,16.470000,20.170000,24.110000,
2007-04-23,13.080000,16.320000,17.120000,17.990000,,11.890000,11.360000,16.470000,20.200000,24.200000,
2007-04-20,13.080000,16.330000,17.140000,18.010000,,11.880000,11.340000,16.510000,20.190000,24.240000,
2007-04-19,13.050000,16.240000,17.030000,17.880000,,11.880000,11.340000,16.360000,20.020000,24.040000,
2007-04-18,13.060000,16.270000,17.070000,17.930000,,11.880000,11.350000,16.380000,20.120000,24.180000,
2007-04-17,13.060000,16.270000,17.060000,17.920000,,11.880000,11.330000,16.370000,20.170000,24.150000,
2007-04-16,13.050000,16.250000,17.040000,17.900000,,11.880000,11.300000,16.330000,20.200000,24.100000,
2007-04-13,13.020000,16.150000,16.920000,17.750000,,11.870000,11.280000,16.160000,20.000000,23.930000,
2007-04-12,13.010000,16.100000,16.860000,17.680000,,11.870000,11.290000,16.100000,19.900000,23.740000,
2007-04-11,12.990000,16.060000,16.800000,17.620000,,11.870000,11.290000,16.000000,19.770000,23.760000,
2007-04-10,13.000000,16.100000,16.860000,17.690000,,11.870000,11.300000,16.110000,19.900000,23.770000,
2007-04-09,12.990000,16.050000,16.800000,17.610000,,11.860000,11.280000,16.060000,19.840000,23.540000,
2007-04-05,12.990000,16.060000,16.810000,17.630000,,11.860000,11.310000,16.050000,19.820000,23.610000,
2007-04-04,12.980000,16.030000,16.770000,17.580000,,11.860000,11.320000,16.000000,19.760000,23.550000,
2007-04-03,12.970000,16.000000,16.740000,17.540000,,11.850000,11.310000,15.980000,19.750000,23.400000,
2007-04-02,12.950000,15.910000,16.630000,17.410000,,11.850000,11.320000,15.830000,19.580000,23.180000,
2007-03-30,12.940000,15.880000,16.590000,17.370000,,11.850000,11.310000,15.790000,19.510000,23.130000,
2007-03-29,12.940000,15.880000,16.600000,17.380000,,11.850000,11.320000,15.810000,19.470000,23.160000,
2007-03-28,12.920000,15.840000,16.540000,17.310000,,11.850000,11.320000,15.750000,19.450000,22.940000,
2007-03-27,12.940000,15.910000,16.630000,17.410000,,11.840000,11.330000,15.870000,19.540000,23.130000,
2007-03-26,12.950000,15.960000,16.690000,17.480000,,11.840000,11.340000,15.970000,19.660000,23.160000,
2007-03-23,12.950000,15.960000,16.690000,17.490000,,11.840000,11.320000,15.960000,19.670000,23.240000,
2007-03-22,12.950000,15.950000,16.680000,17.470000,,11.840000,11.330000,15.940000,19.640000,23.210000,
2007-03-21,12.950000,15.950000,16.680000,17.480000,,11.830000,11.360000,15.940000,19.610000,23.220000,
2007-03-20,12.900000,15.770000,16.460000,17.210000,,11.830000,11.340000,15.680000,19.320000,22.730000,
2007-03-19,12.880000,15.700000,16.380000,17.110000,,11.830000,11.330000,15.580000,19.170000,22.560000,
2007-03-16,12.850000,15.590000,16.240000,16.950000,,11.830000,11.340000,15.410000,18.950000,22.300000,
2007-03-15,12.850000,15.610000,16.270000,16.990000,,11.830000,11.340000,15.470000,19.050000,22.260000,
2007-03-14,12.840000,15.550000,16.200000,16.900000,,11.820000,11.340000,15.410000,18.900000,22.040000,
2007-03-13,12.830000,15.530000,16.170000,16.870000,,11.820000,11.360000,15.310000,18.820000,22.200000,
2007-03-12,12.880000,15.720000,16.400000,17.150000,,11.820000,11.330000,15.620000,19.220000,22.600000,
2007-03-09,12.860000,15.680000,16.360000,17.090000,,11.820000,11.310000,15.580000,19.140000,22.500000,
2007-03-08,12.860000,15.670000,16.340000,17.080000,,11.820000,11.350000,15.570000,19.070000,22.470000,
2007-03-07,12.840000,15.590000,16.240000,16.960000,,11.810000,11.350000,15.460000,18.930000,22.220000,
2007-03-06,12.840000,15.590000,16.250000,16.970000,,11.810000,11.330000,15.490000,18.950000,22.190000,
2007-03-05,12.790000,15.410000,16.030000,16.700000,,11.810000,11.330000,15.250000,18.590000,21.650000,
2007-03-02,12.820000,15.540000,16.190000,16.900000,,11.810000,11.330000,15.400000,18.940000,22.060000,
2007-03-01,12.850000,15.660000,16.340000,17.080000,,11.800000,11.310000,15.580000,19.250000,22.340000,
2007-02-28,12.860000,15.710000,16.400000,17.140000,,11.800000,11.310000,15.620000,19.300000,22.550000,
2007-02-27,12.850000,15.690000,16.370000,17.120000,,11.800000,11.330000,15.530000,19.240000,22.670000,
2007-02-26,12.930000,16.020000,16.780000,17.600000,,11.800000,11.280000,16.080000,19.890000,23.410000,
2007-02-23,12.930000,16.010000,16.770000,17.590000,,11.800000,11.250000,16.100000,19.950000,23.290000,
2007-02-22,12.930000,16.010000,16.770000,17.590000,,11.790000,11.230000,16.160000,20.000000,23.130000,
2007-02-21,12.930000,16.000000,16.760000,17.580000,,11.790000,11.250000,16.170000,19.980000,23.050000,
2007-02-20,12.930000,16.020000,16.790000,17.610000,,11.790000,11.250000,16.190000,19.950000,23.220000,
2007-02-16,12.920000,15.980000,16.740000,17.560000,,11.780000,11.240000,16.140000,19.800000,23.170000,
2007-02-15,12.920000,15.990000,16.750000,17.560000,,11.780000,11.230000,16.160000,19.740000,23.230000,
2007-02-14,12.910000,15.960000,16.720000,17.530000,,11.780000,11.220000,16.140000,19.710000,23.110000,
2007-02-13,12.880000,15.870000,16.600000,17.390000,,11.780000,11.170000,16.010000,19.620000,22.770000,
2007-02-12,12.860000,15.790000,16.510000,17.280000,,11.780000,11.170000,15.890000,19.460000,22.630000,
2007-02-09,12.870000,15.830000,16.560000,17.340000,,11.770000,11.180000,15.940000,19.550000,22.780000,
2007-02-08,12.880000,15.880000,16.620000,17.410000,,11.770000,11.210000,16.050000,19.720000,22.700000,
2007-02-07,12.880000,15.900000,16.650000,17.450000,,11.770000,11.200000,16.070000,19.720000,22.850000,
2007-02-06,12.870000,15.870000,16.600000,17.390000,,11.770000,11.190000,16.040000,19.610000,22.730000,
2007-02-05,12.860000,15.840000,16.560000,17.350000,,11.770000,11.170000,16.030000,19.540000,22.590000,
2007-02-02,12.860000,15.850000,16.580000,17.370000,,11.760000,11.150000,16.040000,19.560000,22.680000,
2007-02-01,12.860000,15.830000,16.560000,17.340000,,11.760000,11.140000,16.020000,19.510000,22.660000,
2007-01-31,12.840000,15.770000,16.480000,17.250000,,11.760000,11.140000,15.930000,19.350000,22.510000,
2007-01-30,12.820000,15.710000,16.410000,17.160000,,11.760000,11.110000,15.820000,19.240000,22.420000,
2007-01-29,12.810000,15.650000,16.340000,17.080000,,11.760000,11.100000,15.730000,19.130000,22.320000,
2007-01-26,12.800000,15.640000,16.320000,17.060000,,11.750000,11.110000,15.750000,19.040000,22.240000,
2007-01-25,12.800000,15.650000,16.330000,17.080000,,11.750000,11.110000,15.770000,18.990000,22.310000,
2007-01-24,12.830000,15.760000,16.470000,17.240000,,11.750000,11.140000,15.950000,19.190000,22.530000,
2007-01-23,12.810000,15.680000,16.380000,17.130000,,11.750000,11.140000,15.810000,19.010000,22.450000,
2007-01-22,12.800000,15.640000,16.320000,17.070000,,11.750000,11.160000,15.750000,18.870000,22.350000,
2007-01-19,12.800000,15.670000,16.370000,17.120000,,11.740000,11.150000,15.840000,18.980000,22.330000,
2007-01-18,12.790000,15.630000,16.320000,17.060000,,11.740000,11.160000,15.790000,18.850000,22.230000,
2007-01-17,12.800000,15.660000,16.360000,17.100000,,11.740000,11.140000,15.840000,19.030000,22.230000,
2007-01-16,12.800000,15.670000,16.360000,17.110000,,11.740000,11.160000,15.850000,19.060000,22.200000,
2007-01-12,12.790000,15.650000,16.350000,17.090000,,11.730000,11.140000,15.840000,19.080000,22.140000,
2007-01-11,12.770000,15.590000,16.270000,17.000000,,11.730000,11.150000,15.760000,18.950000,21.910000,
2007-01-10,12.760000,15.520000,16.180000,16.900000,,11.730000,11.190000,15.660000,18.750000,21.750000,
2007-01-09,12.760000,15.540000,16.200000,16.930000,,11.730000,11.190000,15.630000,18.680000,22.040000,
2007-01-08,12.760000,15.530000,16.190000,16.910000,,11.720000,11.190000,15.640000,18.630000,21.980000,
2007-01-05,12.750000,15.510000,16.170000,16.890000,,11.720000,11.190000,15.600000,18.580000,21.990000,
2007-01-04,12.770000,15.600000,16.280000,17.020000,,11.720000,11.200000,15.690000,18.810000,22.290000,
2007-01-03,12.770000,15.610000,16.290000,17.030000,,11.720000,11.180000,15.670000,18.760000,22.440000,
2006-12-29,12.760000,15.580000,16.250000,16.990000,,11.710000,11.140000,15.690000,18.760000,22.220000,
2006-12-28,12.760000,15.610000,16.300000,17.040000,,11.710000,11.140000,15.760000,18.880000,22.210000,
2006-12-27,12.770000,15.620000,16.310000,17.050000,,11.710000,11.160000,15.780000,18.920000,22.180000,
2006-12-26,12.750000,15.540000,16.210000,16.940000,,11.700000,11.180000,15.670000,18.740000,21.990000,
2006-12-22,12.730000,15.510000,16.170000,16.890000,,11.700000,11.160000,15.600000,18.630000,22.020000,
2006-12-21,12.740000,15.550000,16.230000,16.960000,,11.700000,11.200000,15.680000,18.690000,22.100000,
2006-12-20,12.750000,15.580000,16.260000,17.000000,,11.700000,11.170000,15.740000,18.780000,22.130000,
2006-12-19,12.750000,15.570000,16.240000,16.980000,,11.690000,11.170000,15.760000,18.760000,21.990000,
2006-12-18,12.740000,15.560000,16.240000,16.970000,,11.690000,11.170000,15.720000,18.750000,22.040000,
2006-12-15,12.750000,15.590000,16.280000,17.030000,,11.690000,11.170000,15.780000,18.940000,22.070000,
2006-12-14,12.750000,15.590000,16.280000,17.020000,,11.690000,11.160000,15.760000,18.960000,22.060000,
2006-12-13,12.730000,15.520000,16.200000,16.930000,,11.690000,11.170000,15.620000,18.840000,21.980000,
2006-12-12,12.720000,15.510000,16.180000,16.910000,,11.680000,11.210000,15.600000,18.830000,21.900000,
2006-12-11,12.720000,15.500000,16.180000,16.900000,,11.680000,11.190000,15.620000,18.910000,21.790000,
2006-12-08,12.710000,15.480000,16.150000,16.870000,,11.680000,11.170000,15.580000,18.910000,21.710000,
2006-12-07,12.710000,15.490000,16.160000,16.890000,,11.680000,11.210000,15.550000,18.910000,21.860000,
2006-12-06,12.720000,15.510000,16.190000,16.920000,,11.670000,11.210000,15.610000,18.990000,21.780000,
2006-12-05,12.720000,15.500000,16.180000,16.910000,,11.670000,11.230000,15.630000,18.990000,21.690000,
2006-12-04,12.710000,15.470000,16.140000,16.860000,,11.670000,11.230000,15.570000,18.940000,21.610000,
2006-12-01,12.680000,15.390000,16.040000,16.740000,,11.670000,11.230000,15.430000,18.700000,21.540000,
2006-11-30,12.680000,15.400000,16.060000,16.770000,,11.670000,11.200000,15.470000,18.740000,21.550000,
2006-11-29,12.670000,15.370000,16.020000,16.720000,,11.660000,11.170000,15.460000,18.670000,21.420000,
2006-11-28,12.650000,15.260000,15.890000,16.560000,,11.660000,11.180000,15.310000,18.440000,21.120000,
2006-11-27,12.640000,15.240000,15.860000,16.530000,,11.660000,11.160000,15.260000,18.400000,21.160000,
2006-11-24,12.670000,15.360000,16.020000,16.710000,,11.660000,11.150000,15.470000,18.780000,21.310000,
2006-11-22,12.670000,15.380000,16.030000,16.730000,,11.650000,11.140000,15.520000,18.780000,21.290000,
2006-11-21,12.650000,15.320000,15.970000,16.660000,,11.650000,11.130000,15.480000,18.720000,21.040000,
2006-11-20,12.650000,15.300000,15.940000,16.620000,,11.650000,11.130000,15.460000,18.660000,20.990000,
2006-11-17,12.650000,15.310000,15.950000,16.640000,,11.650000,11.120000,15.460000,18.600000,21.110000,
2006-11-16,12.640000,15.320000,15.960000,16.650000,,11.650000,11.080000,15.450000,18.620000,21.200000,
2006-11-15,12.640000,15.310000,15.950000,16.640000,,11.640000,11.100000,15.410000,18.630000,21.200000,
2006-11-14,12.640000,15.290000,15.920000,16.610000,,11.640000,11.120000,15.370000,18.490000,21.250000,
2006-11-13,12.610000,15.210000,15.830000,16.500000,,11.640000,11.100000,15.270000,18.290000,21.080000,
2006-11-10,12.610000,15.200000,15.820000,16.490000,,11.640000,11.110000,15.230000,18.240000,21.170000,
2006-11-09,12.600000,15.170000,15.780000,16.440000,,11.630000,11.090000,15.200000,18.140000,21.100000,
2006-11-08,12.610000,15.210000,15.830000,16.500000,,11.630000,11.080000,15.280000,18.250000,21.130000,
2006-11-07,12.600000,15.210000,15.820000,16.490000,,11.630000,11.070000,15.250000,18.130000,21.280000,
2006-11-06,12.590000,15.160000,15.760000,16.420000,,11.630000,11.040000,15.210000,18.100000,21.040000,
2006-11-03,12.560000,15.050000,15.640000,16.280000,,11.630000,11.030000,15.040000,17.880000,20.890000,
2006-11-02,12.570000,15.070000,15.660000,16.300000,,11.620000,11.090000,15.070000,17.820000,20.950000,
2006-11-01,12.570000,15.080000,15.660000,16.300000,,11.620000,11.100000,15.070000,17.860000,20.920000,
2006-10-31,12.580000,15.130000,15.740000,16.390000,,11.620000,11.080000,15.180000,18.100000,20.930000,
2006-10-30,12.570000,15.120000,15.730000,16.380000,,11.620000,11.040000,15.180000,18.130000,20.880000,
2006-10-27,12.570000,15.130000,15.740000,16.390000,,11.620000,11.040000,15.180000,18.080000,21.010000,
2006-10-26,12.590000,15.190000,15.800000,16.470000,,11.610000,11.010000,15.300000,18.270000,20.980000,
2006-10-25,12.570000,15.120000,15.720000,16.370000,,11.610000,10.980000,15.230000,18.080000,20.830000,
2006-10-24,12.550000,15.080000,15.670000,16.310000,,11.610000,10.960000,15.170000,17.980000,20.740000,
2006-10-23,12.550000,15.070000,15.660000,16.300000,,11.610000,10.950000,15.170000,17.960000,20.740000,
2006-10-20,12.540000,15.030000,15.620000,16.250000,,11.600000,10.970000,15.080000,17.900000,20.730000,
2006-10-19,12.530000,15.030000,15.610000,16.250000,,11.600000,10.970000,15.060000,18.010000,20.650000,
2006-10-18,12.530000,15.000000,15.580000,16.210000,,11.600000,10.980000,15.050000,17.940000,20.550000,
2006-10-17,12.520000,14.980000,15.560000,16.190000,,11.600000,10.970000,15.030000,17.960000,20.450000,
2006-10-16,12.530000,15.030000,15.620000,16.250000,,11.600000,10.960000,15.080000,18.080000,20.580000,
2006-10-13,12.520000,14.980000,15.560000,16.180000,,11.590000,10.940000,15.040000,17.930000,20.440000,
2006-10-12,12.510000,14.970000,15.550000,16.170000,,11.590000,10.950000,15.010000,17.830000,20.520000,
2006-10-11,12.480000,14.870000,15.420000,16.030000,,11.590000,10.940000,14.870000,17.570000,20.330000,
2006-10-10,12.490000,14.890000,15.450000,16.060000,,11.590000,10.960000,14.910000,17.640000,20.320000,
2006-10-06,12.480000,14.850000,15.410000,16.010000,,11.580000,10.980000,14.860000,17.480000,20.280000,
2006-10-05,12.490000,14.900000,15.460000,16.070000,,11.580000,11.030000,14.900000,17.560000,20.420000,
2006-10-04,12.480000,14.860000,15.410000,16.020000,,11.580000,11.050000,14.870000,17.350000,20.400000,
2006-10-03,12.450000,14.750000,15.280000,15.850000,,11.580000,11.020000,14.690000,17.080000,20.220000,
2006-10-02,12.450000,14.750000,15.280000,15.860000,,11.580000,11.020000,14.660000,17.120000,20.290000,
2006-09-29,12.450000,14.760000,15.290000,15.870000,,11.570000,11.000000,14.700000,17.240000,20.150000,
2006-09-28,12.450000,14.780000,15.320000,15.900000,,11.570000,11.010000,14.740000,17.320000,20.150000,
2006-09-27,12.450000,14.770000,15.300000,15.890000,,11.570000,11.020000,14.710000,17.310000,20.150000,
2006-09-26,12.440000,14.740000,15.270000,15.840000,,11.570000,11.020000,14.710000,17.230000,20.000000,
2006-09-25,12.420000,14.680000,15.200000,15.770000,,11.570000,11.030000,14.600000,17.130000,19.960000,
2006-09-22,12.400000,14.620000,15.120000,15.680000,,11.560000,11.010000,14.470000,16.990000,19.910000,
2006-09-21,12.410000,14.660000,15.170000,15.730000,,11.560000,10.990000,14.510000,17.120000,20.030000,
2006-09-20,12.410000,14.670000,15.190000,15.760000,,11.560000,10.950000,14.580000,17.240000,19.900000,
2006-09-19,12.400000,14.620000,15.130000,15.690000,,11.560000,10.940000,14.500000,17.120000,19.840000,
2006-09-18,12.400000,14.640000,15.160000,15.720000,,11.560000,10.900000,14.540000,17.200000,19.870000,
2006-09-15,12.390000,14.630000,15.140000,15.700000,,11.550000,10.900000,14.520000,17.190000,19.830000,
2006-09-14,12.390000,14.630000,15.140000,15.700000,,11.550000,10.910000,14.480000,17.170000,19.930000,
2006-09-13,12.390000,14.620000,15.140000,15.690000,,11.550000,10.920000,14.500000,17.240000,19.790000,
2006-09-12,12.380000,14.600000,15.100000,15.660000,,11.550000,10.920000,14.440000,17.110000,19.850000,
2006-09-11,12.350000,14.480000,14.970000,15.490000,,11.550000,10.900000,14.290000,16.820000,19.610000,
2006-09-08,12.350000,14.510000,15.000000,15.540000,,11.540000,10.910000,14.280000,16.870000,19.800000,
2006-09-07,12.340000,14.490000,14.970000,15.510000,,11.540000,10.900000,14.230000,16.850000,19.810000,
2006-09-06,12.360000,14.560000,15.060000,15.610000,,11.540000,10.890000,14.300000,16.950000,20.090000,
2006-09-05,12.390000,14.670000,15.190000,15.770000,,11.540000,10.900000,14.440000,17.240000,20.330000,
2006-09-01,12.370000,14.630000,15.150000,15.710000,,11.530000,10.920000,14.410000,17.150000,20.180000,
2006-08-31,12.360000,14.590000,15.090000,15.650000,,11.530000,10.910000,14.330000,17.090000,20.120000,
2006-08-30,12.360000,14.580000,15.090000,15.640000,,11.530000,10.890000,14.340000,17.030000,20.120000,
2006-08-29,12.350000,14.570000,15.070000,15.630000,,11.530000,10.880000,14.330000,16.960000,20.120000,
2006-08-28,12.340000,14.520000,15.010000,15.550000,,11.520000,10.870000,14.300000,16.840000,19.900000,
2006-08-25,12.320000,14.470000,14.950000,15.490000,,11.520000,10.870000,14.230000,16.710000,19.840000,
2006-08-24,12.320000,14.480000,14.970000,15.510000,,11.520000,10.860000,14.240000,16.710000,19.930000,
2006-08-23,12.320000,14.470000,14.960000,15.500000,,11.520000,10.860000,14.210000,16.710000,19.970000,
2006-08-22,12.330000,14.520000,15.020000,15.570000,,11.510000,10.860000,14.270000,16.870000,20.050000,
2006-08-21,12.330000,14.520000,15.010000,15.560000,,11.510000,10.860000,14.250000,16.840000,20.090000,
2006-08-18,12.330000,14.540000,15.040000,15.590000,,11.510000,10.850000,14.310000,16.950000,20.050000,
2006-08-17,12.320000,14.520000,15.020000,15.570000,,11.510000,10.830000,14.250000,16.910000,20.110000,
2006-08-16,12.320000,14.510000,15.000000,15.550000,,11.500000,10.830000,14.230000,16.890000,20.050000,
2006-08-15,12.290000,14.410000,14.880000,15.410000,,11.500000,10.790000,14.120000,16.660000,19.820000,
2006-08-14,12.250000,14.270000,14.710000,15.210000,,11.500000,10.750000,13.930000,16.360000,19.520000,
2006-08-11,12.240000,14.250000,14.700000,15.190000,,11.500000,10.770000,13.910000,16.340000,19.490000,
2006-08-10,12.250000,14.290000,14.740000,15.250000,,11.500000,10.790000,13.960000,16.470000,19.520000,
2006-08-09,12.250000,14.270000,14.710000,15.210000,,11.490000,10.790000,13.900000,16.380000,19.560000,
2006-08-08,12.250000,14.300000,14.750000,15.260000,,11.490000,10.790000,13.950000,16.500000,19.560000,
2006-08-07,12.260000,14.320000,14.780000,15.290000,,11.490000,10.790000,14.000000,16.650000,19.490000,
2006-08-04,12.270000,14.370000,14.840000,15.360000,,11.490000,10.790000,14.040000,16.740000,19.700000,
2006-08-03,12.260000,14.340000,14.820000,15.330000,,11.480000,10.760000,14.050000,16.790000,19.510000,
2006-08-02,12.260000,14.340000,14.810000,15.330000,,11.480000,10.760000,14.020000,16.690000,19.650000,
2006-08-01,12.240000,14.270000,14.720000,15.230000,,11.480000,10.750000,13.940000,16.570000,19.410000,
2006-07-31,12.250000,14.330000,14.800000,15.310000,,11.480000,10.740000,14.000000,16.730000,19.580000,
2006-07-28,12.250000,14.330000,14.800000,15.320000,,11.470000,10.740000,14.020000,16.690000,19.590000,
2006-07-27,12.210000,14.190000,14.630000,15.120000,,11.470000,10.700000,13.850000,16.430000,19.230000,
2006-07-26,12.210000,14.210000,14.660000,15.160000,,11.470000,10.700000,13.910000,16.610000,19.130000,
2006-07-25,12.210000,14.200000,14.640000,15.130000,,11.470000,10.680000,13.910000,16.630000,18.990000,
2006-07-24,12.190000,14.150000,14.590000,15.070000,,11.470000,10.690000,13.830000,16.470000,19.010000,
2006-07-21,12.150000,14.000000,14.410000,14.860000,,11.460000,10.680000,13.600000,16.110000,18.760000,
2006-07-20,12.160000,14.050000,14.470000,14.930000,,11.460000,10.690000,13.700000,16.370000,18.670000,
2006-07-19,12.180000,14.130000,14.570000,15.050000,,11.460000,10.670000,13.810000,16.720000,18.750000,
2006-07-18,12.130000,13.930000,14.330000,14.770000,,11.460000,10.620000,13.560000,16.320000,18.270000,
2006-07-17,12.130000,13.940000,14.340000,14.780000,,11.460000,10.650000,13.530000,16.280000,18.380000,
2006-07-14,12.130000,13.980000,14.390000,14.840000,,11.450000,10.650000,13.550000,16.380000,18.590000,
2006-07-13,12.150000,14.040000,14.470000,14.930000,,11.450000,10.650000,13.620000,16.510000,18.800000,
2006-07-12,12.180000,14.190000,14.640000,15.140000,,11.450000,10.630000,13.800000,16.810000,19.190000,
2006-07-11,12.210000,14.300000,14.770000,15.290000,,11.450000,10.630000,13.950000,17.020000,19.470000,
2006-07-10,12.200000,14.270000,14.740000,15.250000,,11.440000,10.620000,13.890000,16.940000,19.490000,
2006-07-07,12.190000,14.240000,14.710000,15.220000,,11.440000,10.610000,13.870000,16.960000,19.360000,
2006-07-06,12.200000,14.290000,14.770000,15.290000,,11.440000,10.580000,13.970000,17.150000,19.350000,
2006-07-05,12.190000,14.250000,14.730000,15.240000,,11.440000,10.560000,13.930000,17.130000,19.210000,
2006-07-03,12.210000,14.350000,14.840000,15.370000,,11.430000,10.600000,14.030000,17.340000,19.480000,
2006-06-30,12.190000,14.280000,14.770000,15.290000,,11.430000,10.600000,13.910000,17.210000,19.390000,
2006-06-29,12.180000,14.240000,14.710000,15.220000,,11.430000,10.560000,13.940000,17.080000,19.130000,
2006-06-28,12.120000,14.000000,14.420000,14.880000,,11.420000,10.540000,13.650000,16.590000,18.500000,
2006-06-27,12.100000,13.950000,14.370000,14.820000,,11.420000,10.550000,13.570000,16.540000,18.390000,
2006-06-26,12.120000,14.030000,14.470000,14.930000,,11.420000,10.530000,13.700000,16.740000,18.550000,
2006-06-23,12.110000,14.000000,14.420000,14.880000,,11.420000,10.540000,13.630000,16.620000,18.540000,
2006-06-22,12.110000,14.000000,14.430000,14.890000,,11.410000,10.550000,13.640000,16.510000,18.620000,
2006-06-21,12.120000,14.030000,14.460000,14.930000,,11.410000,10.570000,13.710000,16.580000,18.610000,
2006-06-20,12.090000,13.930000,14.340000,14.790000,,11.410000,10.570000,13.580000,16.290000,18.440000,
2006-06-19,12.090000,13.930000,14.350000,14.790000,,11.410000,10.580000,13.580000,16.360000,18.400000,
2006-06-16,12.110000,14.010000,14.440000,14.900000,,11.410000,10.580000,13.700000,16.590000,18.460000,
2006-06-15,12.120000,14.050000,14.490000,14.960000,,11.400000,10.600000,13.750000,16.690000,18.560000,
2006-06-14,12.060000,13.820000,14.210000,14.630000,,11.400000,10.620000,13.470000,16.170000,17.980000,
2006-06-13,12.040000,13.750000,14.140000,14.550000,,11.400000,10.670000,13.400000,16.100000,17.730000,
2006-06-12,12.080000,13.900000,14.310000,14.760000,,11.400000,10.650000,13.530000,16.370000,18.270000,
2006-06-09,12.110000,14.040000,14.480000,14.960000,,11.390000,10.650000,13.710000,16.750000,18.580000,
2006-06-08,12.110000,14.050000,14.490000,14.970000,,11.390000,10.650000,13.770000,16.790000,18.460000,
2006-06-07,12.120000,14.110000,14.570000,15.060000,,11.390000,10.630000,13.750000,16.840000,18.950000,
2006-06-06,12.140000,14.160000,14.630000,15.130000,,11.390000,10.640000,13.830000,16.950000,19.030000,
2006-06-05,12.150000,14.220000,14.700000,15.220000,,11.390000,10.640000,13.840000,17.070000,19.360000,
2006-06-02,12.190000,14.400000,14.910000,15.470000,,11.380000,10.650000,14.090000,17.470000,19.710000,
2006-06-01,12.170000,14.330000,14.840000,15.380000,,11.380000,10.580000,14.070000,17.420000,19.430000,
2006-05-31,12.150000,14.240000,14.730000,15.250000,,11.380000,10.580000,13.900000,17.130000,19.390000,
2006-05-30,12.130000,14.170000,14.630000,15.140000,,11.380000,10.590000,13.780000,16.910000,19.290000,
2006-05-26,12.160000,14.300000,14.800000,15.340000,,11.370000,10.610000,14.000000,17.220000,19.540000,
2006-05-25,12.140000,14.250000,14.730000,15.260000,,11.370000,10.590000,13.920000,17.090000,19.410000,
2006-05-24,12.110000,14.130000,14.590000,15.090000,,11.370000,10.610000,13.760000,16.820000,19.140000,
2006-05-23,12.110000,14.160000,14.620000,15.140000,,11.370000,10.600000,13.740000,16.870000,19.390000,
2006-05-22,12.110000,14.150000,14.610000,15.120000,,11.370000,10.610000,13.800000,16.940000,19.100000,
2006-05-19,12.130000,14.240000,14.730000,15.260000,,11.360000,10.600000,13.850000,17.110000,19.570000,
2006-05-18,12.120000,14.210000,14.690000,15.210000,,11.360000,10.590000,13.790000,17.040000,19.520000,
2006-05-17,12.130000,14.250000,14.750000,15.280000,,11.360000,10.560000,13.890000,17.190000,19.560000,
2006-05-16,12.180000,14.450000,14.980000,15.550000,,11.360000,10.580000,14.120000,17.470000,20.170000,
2006-05-15,12.180000,14.460000,15.000000,15.580000,,11.350000,10.550000,14.150000,17.480000,20.250000,
2006-05-12,12.180000,14.490000,15.040000,15.630000,,11.350000,10.530000,14.110000,17.590000,20.540000,
2006-05-11,12.220000,14.620000,15.190000,15.810000,,11.350000,10.560000,14.270000,17.900000,20.830000,
2006-05-10,12.240000,14.720000,15.310000,15.960000,,11.350000,10.570000,14.450000,18.200000,20.890000,
2006-05-09,12.250000,14.740000,15.340000,15.980000,,11.340000,10.570000,14.470000,18.260000,20.950000,
2006-05-08,12.240000,14.720000,15.320000,15.960000,,11.340000,10.570000,14.470000,18.270000,20.840000,
2006-05-05,12.240000,14.710000,15.300000,15.940000,,11.340000,10.570000,14.480000,18.240000,20.750000,
2006-05-04,12.210000,14.600000,15.180000,15.790000,,11.340000,10.550000,14.330000,18.060000,20.490000,
2006-05-03,12.190000,14.560000,15.120000,15.730000,,11.330000,10.550000,14.280000,17.940000,20.350000,
2006-05-02,12.200000,14.600000,15.170000,15.780000,,11.330000,10.570000,14.340000,17.940000,20.490000,
2006-05-01,12.180000,14.530000,15.090000,15.690000,,11.330000,10.560000,14.250000,17.860000,20.300000,
2006-04-28,12.190000,14.540000,15.100000,15.700000,,11.330000,10.590000,14.310000,17.910000,20.170000,
2006-04-27,12.180000,14.530000,15.090000,15.700000,,11.330000,10.570000,14.300000,17.840000,20.220000,
2006-04-26,12.170000,14.500000,15.060000,15.660000,,11.320000,10.550000,14.250000,17.860000,20.120000,
2006-04-25,12.170000,14.480000,15.030000,15.620000,,11.320000,10.570000,14.200000,17.880000,20.020000,
2006-04-24,12.170000,14.500000,15.060000,15.660000,,11.320000,10.600000,14.270000,17.940000,19.960000,
2006-04-21,12.180000,14.530000,15.090000,15.700000,,11.320000,10.580000,14.310000,18.020000,20.040000,
2006-04-20,12.170000,14.510000,15.070000,15.660000,,11.310000,10.570000,14.310000,18.050000,19.850000,
2006-04-19,12.170000,14.520000,15.080000,15.690000,,11.310000,10.570000,14.290000,18.100000,19.960000,
2006-04-18,12.160000,14.470000,15.020000,15.610000,,11.310000,10.590000,14.270000,17.930000,19.760000,
2006-04-17,12.110000,14.310000,14.830000,15.390000,,11.310000,10.570000,14.020000,17.580000,19.500000,
2006-04-13,12.110000,14.300000,14.820000,15.370000,,11.300000,10.550000,14.070000,17.600000,19.330000,
2006-04-12,12.100000,14.290000,14.810000,15.360000,,11.300000,10.570000,14.050000,17.550000,19.300000,
2006-04-11,12.110000,14.300000,14.810000,15.370000,,11.300000,10.590000,14.040000,17.490000,19.420000,
2006-04-10,12.120000,14.370000,14.900000,15.470000,,11.300000,10.570000,14.140000,17.670000,19.560000,
2006-04-07,12.120000,14.360000,14.900000,15.470000,,11.290000,10.570000,14.130000,17.730000,19.550000,
2006-04-06,12.140000,14.460000,15.010000,15.600000,,11.290000,10.600000,14.280000,17.910000,19.720000,
2006-04-05,12.140000,14.450000,15.010000,15.600000,,11.290000,10.620000,14.300000,17.920000,19.620000,
2006-04-04,12.130000,14.410000,14.960000,15.540000,,11.290000,10.610000,14.240000,17.820000,19.550000,
2006-04-03,12.110000,14.360000,14.900000,15.470000,,11.290000,10.600000,14.150000,17.760000,19.450000,
2006-03-31,12.100000,14.330000,14.860000,15.430000,,11.280000,10.610000,14.120000,17.850000,19.240000,
2006-03-30,12.110000,14.360000,14.900000,15.470000,,11.280000,10.600000,14.180000,17.790000,19.390000,
2006-03-29,12.110000,14.340000,14.880000,15.440000,,11.280000,10.620000,14.200000,17.810000,19.140000,
2006-03-28,12.080000,14.250000,14.770000,15.310000,,11.280000,10.640000,14.100000,17.560000,18.930000,
2006-03-27,12.100000,14.310000,14.840000,15.400000,,11.280000,10.680000,14.190000,17.600000,19.100000,
2006-03-24,12.100000,14.320000,14.850000,15.410000,,11.270000,10.680000,14.200000,17.600000,19.120000,
2006-03-23,12.090000,14.280000,14.810000,15.360000,,11.270000,10.650000,14.190000,17.490000,18.990000,
2006-03-22,12.100000,14.320000,14.840000,15.410000,,11.270000,10.670000,14.230000,17.440000,19.170000,
2006-03-21,12.080000,14.270000,14.780000,15.330000,,11.270000,10.660000,14.140000,17.310000,19.130000,
2006-03-20,12.100000,14.330000,14.860000,15.430000,,11.270000,10.690000,14.230000,17.470000,19.240000,
2006-03-17,12.090000,14.320000,14.850000,15.420000,,11.260000,10.680000,14.250000,17.480000,19.150000,
2006-03-16,12.090000,14.300000,14.820000,15.380000,,11.260000,10.690000,14.230000,17.430000,19.040000,
2006-03-15,12.080000,14.280000,14.810000,15.360000,,11.260000,10.650000,14.200000,17.420000,19.040000,
2006-03-14,12.070000,14.230000,14.740000,15.290000,,11.260000,10.660000,14.140000,17.300000,18.890000,
2006-03-13,12.040000,14.140000,14.630000,15.160000,,11.260000,10.620000,14.000000,17.120000,18.740000,
2006-03-10,12.020000,14.090000,14.570000,15.090000,,11.250000,10.620000,13.960000,17.070000,18.500000,
2006-03-09,12.010000,14.040000,14.520000,15.020000,,11.250000,10.630000,13.860000,16.950000,18.500000,
2006-03-08,12.010000,14.040000,14.520000,15.020000,,11.250000,10.630000,13.930000,17.010000,18.290000,
2006-03-07,12.010000,14.040000,14.520000,15.020000,,11.250000,10.620000,13.900000,17.020000,18.380000,
2006-03-06,12.020000,14.100000,14.590000,15.110000,,11.250000,10.620000,13.920000,17.220000,18.620000,
2006-03-03,12.030000,14.140000,14.640000,15.170000,,11.240000,10.650000,14.020000,17.360000,18.560000,
2006-03-02,12.040000,14.160000,14.660000,15.200000,,11.240000,10.660000,14.040000,17.390000,18.600000,
2006-03-01,12.040000,14.180000,14.690000,15.220000,,11.240000,10.690000,14.060000,17.400000,18.660000,
2006-02-28,12.020000,14.110000,14.610000,15.130000,,11.240000,10.710000,13.940000,17.190000,18.620000,
2006-02-27,12.040000,14.190000,14.700000,15.240000,,11.240000,10.690000,14.090000,17.380000,18.710000,
2006-02-24,12.030000,14.150000,14.650000,15.190000,,11.230000,10.690000,14.040000,17.310000,18.600000,
2006-02-23,12.020000,14.130000,14.630000,15.160000,,11.230000,10.690000,14.020000,17.240000,18.600000,
2006-02-22,12.020000,14.130000,14.630000,15.150000,,11.230000,10.700000,14.070000,17.260000,18.420000,
2006-02-21,12.010000,14.070000,14.560000,15.070000,,11.230000,10.680000,13.960000,17.140000,18.370000,
2006-02-17,12.000000,14.080000,14.570000,15.090000,,11.220000,10.690000,14.010000,17.180000,18.290000,
2006-02-16,12.010000,14.100000,14.590000,15.120000,,11.220000,10.660000,14.030000,17.190000,18.410000,
2006-02-15,11.990000,14.020000,14.500000,15.010000,,11.220000,10.650000,13.930000,17.020000,18.250000,
2006-02-14,11.980000,14.010000,14.490000,15.000000,,11.220000,10.640000,13.870000,16.930000,18.370000,
2006-02-13,11.960000,13.930000,14.390000,14.880000,,11.220000,10.660000,13.740000,16.790000,18.220000,
2006-02-10,11.960000,13.970000,14.440000,14.940000,,11.210000,10.650000,13.780000,16.940000,18.280000,
2006-02-09,11.960000,13.970000,14.450000,14.950000,,11.210000,10.670000,13.740000,16.950000,18.400000,
2006-02-08,11.960000,13.970000,14.450000,14.950000,,11.210000,10.660000,13.760000,17.010000,18.300000,
2006-02-07,11.950000,13.920000,14.390000,14.880000,,11.210000,10.670000,13.640000,16.960000,18.290000,
2006-02-06,11.970000,14.000000,14.490000,15.000000,,11.210000,10.670000,13.750000,17.200000,18.430000,
2006-02-03,11.960000,13.990000,14.470000,14.980000,,11.200000,10.670000,13.740000,17.120000,18.420000,
2006-02-02,11.970000,14.040000,14.530000,15.050000,,11.200000,10.660000,13.810000,17.190000,18.570000,
2006-02-01,11.990000,14.110000,14.620000,15.150000,,11.200000,10.660000,13.930000,17.350000,18.680000,
2006-01-31,11.990000,14.100000,14.610000,15.140000,,11.200000,10.680000,13.910000,17.360000,18.670000,
2006-01-30,11.990000,14.100000,14.600000,15.130000,,11.200000,10.670000,13.960000,17.290000,18.550000,
2006-01-27,11.990000,14.100000,14.600000,15.130000,,11.190000,10.680000,13.950000,17.270000,18.600000,
2006-01-26,11.970000,14.030000,14.520000,15.030000,,11.190000,10.670000,13.840000,17.180000,18.450000,
2006-01-25,11.950000,13.950000,14.430000,14.930000,,11.190000,10.690000,13.740000,17.000000,18.280000,
2006-01-24,11.950000,13.960000,14.440000,14.940000,,11.190000,10.730000,13.760000,17.080000,18.180000,
2006-01-23,11.940000,13.930000,14.400000,14.890000,,11.190000,10.740000,13.730000,16.900000,18.150000,
2006-01-20,11.930000,13.880000,14.340000,14.830000,,11.180000,10.740000,13.700000,16.830000,17.970000,
2006-01-19,11.960000,14.020000,14.510000,15.020000,,11.180000,10.720000,13.960000,17.090000,18.140000,
2006-01-18,11.940000,13.940000,14.420000,14.910000,,11.180000,10.740000,13.880000,16.900000,17.930000,
2006-01-17,11.950000,13.990000,14.480000,14.980000,,11.180000,10.740000,13.930000,16.930000,18.140000,
2006-01-13,11.970000,14.050000,14.550000,15.070000,,11.170000,10.730000,13.980000,17.000000,18.420000,
2006-01-12,11.960000,14.050000,14.540000,15.070000,,11.170000,10.700000,13.970000,16.980000,18.470000,
2006-01-11,11.970000,14.080000,14.590000,15.120000,,11.170000,10.670000,14.060000,17.080000,18.450000,
2006-01-10,11.960000,14.040000,14.540000,15.060000,,11.170000,10.690000,14.000000,17.070000,18.300000,
2006-01-09,11.960000,14.060000,14.560000,15.090000,,11.170000,10.710000,14.010000,16.990000,18.470000,
2006-01-06,11.950000,14.040000,14.530000,15.050000,,11.160000,10.700000,13.960000,16.850000,18.490000,
2006-01-05,11.930000,13.950000,14.420000,14.920000,,11.160000,10.710000,13.820000,16.670000,18.310000,
2006-01-04,11.930000,13.950000,14.430000,14.930000,,11.160000,10.710000,13.820000,16.640000,18.380000,
2006-01-03,11.910000,13.890000,14.350000,14.840000,,11.160000,10.690000,13.770000,16.510000,18.170000,
2005-12-30,11.860000,13.700000,14.130000,14.580000,,11.160000,10.670000,13.550000,16.270000,17.590000,
2005-12-29,11.870000,13.760000,14.190000,14.660000,,11.150000,10.680000,13.610000,16.350000,17.760000,
2005-12-28,11.870000,13.770000,14.210000,14.680000,,11.150000,10.680000,13.650000,16.380000,17.750000,
2005-12-27,11.860000,13.730000,14.160000,14.620000,,11.150000,10.700000,13.630000,16.300000,17.540000,
2005-12-23,11.880000,13.810000,14.260000,14.730000,,11.140000,10.670000,13.760000,16.490000,17.680000,
2005-12-22,11.870000,13.790000,14.240000,14.710000,,11.140000,10.650000,13.760000,16.450000,17.660000,
2005-12-21,11.860000,13.750000,14.190000,14.650000,,11.140000,10.620000,13.700000,16.350000,17.600000,
2005-12-20,11.850000,13.720000,14.150000,14.610000,,11.140000,10.630000,13.660000,16.240000,17.560000,
2005-12-19,11.850000,13.730000,14.160000,14.620000,,11.140000,10.640000,13.660000,16.210000,17.590000,
2005-12-16,11.860000,13.770000,14.210000,14.680000,,11.130000,10.630000,13.740000,16.400000,17.590000,
2005-12-15,11.860000,13.760000,14.210000,14.680000,,11.130000,10.620000,13.780000,16.450000,17.440000,
2005-12-14,11.870000,13.800000,14.260000,14.730000,,11.130000,10.630000,13.800000,16.540000,17.600000,
2005-12-13,11.850000,13.760000,14.200000,14.670000,,11.130000,10.580000,13.740000,16.500000,17.490000,
2005-12-12,11.840000,13.730000,14.170000,14.630000,,11.130000,10.570000,13.670000,16.490000,17.470000,
2005-12-09,11.830000,13.690000,14.120000,14.570000,,11.120000,10.570000,13.650000,16.460000,17.260000,
2005-12-08,11.820000,13.660000,14.090000,14.540000,,11.120000,10.610000,13.620000,16.400000,17.190000,
2005-12-07,11.820000,13.650000,14.080000,14.520000,,11.120000,10.580000,13.630000,16.350000,17.160000,
2005-12-06,11.830000,13.690000,14.120000,14.580000,,11.120000,10.590000,13.700000,16.420000,17.200000,
2005-12-05,11.820000,13.670000,14.100000,14.550000,,11.120000,10.550000,13.680000,16.410000,17.140000,
2005-12-02,11.820000,13.680000,14.120000,14.570000,,11.110000,10.560000,13.710000,16.490000,17.090000,
2005-12-01,11.820000,13.670000,14.100000,14.550000,,11.110000,10.560000,13.710000,16.470000,17.050000,
2005-11-30,11.790000,13.550000,13.960000,14.390000,,11.110000,10.570000,13.540000,16.210000,16.810000,
2005-11-29,11.800000,13.590000,14.000000,14.430000,,11.110000,10.590000,13.620000,16.180000,16.870000,
2005-11-28,11.800000,13.590000,14.010000,14.440000,,11.110000,10.620000,13.620000,16.150000,16.900000,
2005-11-25,11.810000,13.640000,14.070000,14.520000,,11.100000,10.610000,13.740000,16.400000,16.850000,
2005-11-23,11.810000,13.640000,14.070000,14.510000,,11.100000,10.590000,13.710000,16.380000,16.920000,
2005-11-22,11.800000,13.620000,14.050000,14.490000,,11.100000,10.610000,13.660000,16.340000,16.920000,
2005-11-21,11.780000,13.570000,13.980000,14.420000,,11.100000,10.580000,13.590000,16.240000,16.810000,
2005-11-18,11.770000,13.530000,13.930000,14.360000,,11.090000,10.560000,13.520000,16.100000,16.820000,
2005-11-17,11.750000,13.470000,13.870000,14.280000,,11.090000,10.580000,13.460000,16.030000,16.630000,
2005-11-16,11.730000,13.370000,13.750000,14.140000,,11.090000,10.560000,13.330000,15.790000,16.420000,
2005-11-15,11.720000,13.360000,13.740000,14.140000,,11.090000,10.530000,13.310000,15.790000,16.470000,
2005-11-14,11.730000,13.400000,13.790000,14.190000,,11.090000,10.510000,13.360000,15.910000,16.560000,
2005-11-10,11.720000,13.380000,13.770000,14.170000,,11.080000,10.530000,13.320000,15.870000,16.520000,
2005-11-09,11.710000,13.330000,13.710000,14.100000,,11.080000,10.490000,13.210000,15.780000,16.530000,
2005-11-08,11.710000,13.330000,13.710000,14.100000,,11.080000,10.520000,13.190000,15.730000,16.590000,
2005-11-07,11.710000,13.350000,13.730000,14.120000,,11.080000,10.490000,13.230000,15.810000,16.590000,
2005-11-04,11.700000,13.330000,13.700000,14.090000,,11.070000,10.470000,13.200000,15.760000,16.550000,
2005-11-03,11.700000,13.350000,13.730000,14.130000,,11.070000,10.480000,13.200000,15.780000,16.730000,
2005-11-02,11.690000,13.310000,13.680000,14.070000,,11.070000,10.500000,13.130000,15.710000,16.620000,
2005-11-01,11.670000,13.220000,13.580000,13.950000,,11.070000,10.520000,13.000000,15.460000,16.500000,
2005-10-31,11.670000,13.230000,13.580000,13.960000,,11.070000,10.530000,13.050000,15.480000,16.410000,
2005-10-28,11.640000,13.140000,13.480000,13.830000,,11.070000,10.520000,12.960000,15.230000,16.210000,
2005-10-27,11.610000,13.040000,13.360000,13.690000,,11.060000,10.530000,12.740000,15.000000,16.190000,
2005-10-26,11.640000,13.130000,13.470000,13.830000,,11.060000,10.510000,12.880000,15.290000,16.320000,
2005-10-25,11.650000,13.160000,13.500000,13.860000,,11.060000,10.550000,12.930000,15.370000,16.280000,
2005-10-24,11.650000,13.160000,13.510000,13.870000,,11.060000,10.580000,12.960000,15.420000,16.210000,
2005-10-21,11.610000,13.040000,13.360000,13.700000,,11.060000,10.600000,12.750000,15.130000,16.050000,
2005-10-20,11.600000,13.000000,13.320000,13.650000,,11.050000,10.570000,12.730000,14.980000,15.990000,
2005-10-19,11.630000,13.120000,13.450000,13.810000,,11.050000,10.570000,12.920000,15.190000,16.180000,
2005-10-18,11.600000,13.030000,13.350000,13.690000,,11.050000,10.560000,12.730000,14.970000,16.210000,
2005-10-17,11.630000,13.120000,13.450000,13.810000,,11.050000,10.550000,12.860000,15.160000,16.350000,
2005-10-14,11.620000,13.120000,13.460000,13.820000,,11.050000,10.550000,12.820000,15.100000,16.530000,
2005-10-13,11.600000,13.040000,13.360000,13.700000,,11.050000,10.560000,12.720000,14.890000,16.370000,
2005-10-12,11.610000,13.070000,13.390000,13.740000,,11.040000,10.580000,12.730000,14.920000,16.520000,
2005-10-11,11.620000,13.130000,13.470000,13.830000,,11.040000,10.600000,12.800000,15.130000,16.570000,
2005-10-07,11.640000,13.190000,13.540000,13.920000,,11.040000,10.610000,12.920000,15.360000,16.550000,
2005-10-06,11.630000,13.180000,13.520000,13.890000,,11.040000,10.600000,12.870000,15.270000,16.630000,
2005-10-05,11.640000,13.230000,13.580000,13.970000,,11.030000,10.600000,12.930000,15.420000,16.740000,
2005-10-04,11.680000,13.350000,13.730000,14.140000,,11.030000,10.590000,13.120000,15.770000,16.900000,
2005-10-03,11.690000,13.400000,13.790000,14.210000,,11.030000,10.590000,13.250000,15.940000,16.810000,
2005-09-30,11.690000,13.410000,13.810000,14.230000,,11.030000,10.610000,13.270000,15.850000,16.900000,
2005-09-29,11.690000,13.410000,13.800000,14.220000,,11.030000,10.630000,13.260000,15.760000,16.990000,
2005-09-28,11.670000,13.320000,13.700000,14.100000,,11.030000,10.640000,13.140000,15.580000,16.790000,
2005-09-27,11.660000,13.290000,13.670000,14.060000,,11.020000,10.630000,13.130000,15.600000,16.610000,
2005-09-26,11.660000,13.310000,13.690000,14.090000,,11.020000,10.630000,13.130000,15.620000,16.720000,
2005-09-23,11.650000,13.270000,13.640000,14.030000,,11.020000,10.650000,13.120000,15.530000,16.530000,
2005-09-22,11.650000,13.270000,13.640000,14.030000,,11.020000,10.680000,13.110000,15.450000,16.580000,
2005-09-21,11.650000,13.270000,13.640000,14.030000,,11.020000,10.670000,13.060000,15.440000,16.720000,
2005-09-20,11.660000,13.320000,13.700000,14.100000,,11.020000,10.650000,13.180000,15.640000,16.650000,
2005-09-19,11.670000,13.370000,13.760000,14.170000,,11.010000,10.650000,13.290000,15.760000,16.650000,
2005-09-16,11.680000,13.400000,13.800000,14.220000,,11.010000,10.640000,13.360000,15.830000,16.680000,
2005-09-15,11.670000,13.350000,13.740000,14.150000,,11.010000,10.660000,13.250000,15.770000,16.640000,
2005-09-14,11.670000,13.360000,13.750000,14.160000,,11.010000,10.680000,13.250000,15.780000,16.690000,
2005-09-13,11.670000,13.370000,13.770000,14.180000,,11.010000,10.690000,13.290000,15.880000,16.600000,
2005-09-12,11.690000,13.430000,13.840000,14.270000,,11.010000,10.670000,13.390000,16.000000,16.710000,
2005-09-09,11.690000,13.440000,13.850000,14.280000,,11.000000,10.690000,13.400000,15.970000,16.770000,
2005-09-08,11.670000,13.380000,13.770000,14.190000,,11.000000,10.680000,13.290000,15.870000,16.640000,
2005-09-07,11.680000,13.410000,13.820000,14.240000,,11.000000,10.680000,13.340000,15.930000,16.720000,
2005-09-06,11.670000,13.390000,13.790000,14.210000,,11.000000,10.710000,13.310000,15.860000,16.710000,
2005-09-02,11.640000,13.300000,13.680000,14.080000,,10.990000,10.730000,13.140000,15.670000,16.600000,
2005-09-01,11.650000,13.310000,13.700000,14.100000,,10.990000,10.730000,13.180000,15.770000,16.510000,
2005-08-31,11.630000,13.270000,13.650000,14.040000,,10.990000,10.720000,13.160000,15.720000,16.300000,
2005-08-30,11.600000,13.140000,13.500000,13.870000,,10.990000,10.690000,13.030000,15.470000,15.980000,
2005-08-29,11.600000,13.160000,13.520000,13.890000,,10.990000,10.650000,13.070000,15.490000,16.030000,
2005-08-26,11.590000,13.140000,13.490000,13.860000,,10.980000,10.640000,12.990000,15.380000,16.150000,
2005-08-25,11.600000,13.180000,13.550000,13.920000,,10.980000,10.660000,13.070000,15.520000,16.150000,
2005-08-24,11.600000,13.180000,13.540000,13.920000,,10.980000,10.650000,13.040000,15.490000,16.210000,
2005-08-23,11.610000,13.210000,13.580000,13.960000,,10.980000,10.640000,13.120000,15.500000,16.230000,
2005-08-22,11.620000,13.240000,13.610000,14.000000,,10.980000,10.630000,13.170000,15.520000,16.330000,
2005-08-19,11.600000,13.190000,13.560000,13.940000,,10.970000,10.630000,13.150000,15.460000,16.140000,
2005-08-18,11.600000,13.180000,13.540000,13.920000,,10.970000,10.630000,13.140000,15.430000,16.070000,
2005-08-17,11.610000,13.220000,13.590000,13.970000,,10.970000,10.600000,13.150000,15.480000,16.270000,
2005-08-16,11.610000,13.230000,13.600000,13.990000,,10.970000,10.620000,13.140000,15.510000,16.340000,
2005-08-15,11.630000,13.300000,13.690000,14.090000,,10.970000,10.600000,13.290000,15.690000,16.380000,
2005-08-12,11.620000,13.290000,13.680000,14.080000,,10.970000,10.610000,13.250000,15.640000,16.450000,
2005-08-11,11.630000,13.320000,13.720000,14.130000,,10.960000,10.580000,13.330000,15.700000,16.460000,
2005-08-10,11.610000,13.260000,13.640000,14.040000,,10.960000,10.550000,13.240000,15.580000,16.350000,
2005-08-09,11.600000,13.220000,13.600000,13.990000,,10.960000,10.540000,13.260000,15.560000,16.090000,
2005-08-08,11.590000,13.180000,13.550000,13.920000,,10.960000,10.530000,13.170000,15.520000,16.020000,
2005-08-05,11.590000,13.180000,13.550000,13.930000,,10.960000,10.540000,13.200000,15.630000,15.900000,
2005-08-04,11.610000,13.260000,13.650000,14.040000,,10.950000,10.570000,13.300000,15.810000,16.040000,
2005-08-03,11.620000,13.320000,13.720000,14.130000,,10.950000,10.580000,13.400000,15.980000,16.110000,
2005-08-02,11.620000,13.310000,13.710000,14.110000,,10.950000,10.560000,13.390000,16.040000,16.000000,
2005-08-01,11.610000,13.250000,13.640000,14.030000,,10.950000,10.570000,13.300000,15.940000,15.880000,
2005-07-29,0.000000,,,,,10.950000,10.590000,13.280000,15.880000,15.790000,
2005-07-28,0.000000,,,,,10.950000,10.620000,13.390000,15.930000,15.790000,
2005-07-27,0.000000,,,,,10.940000,10.590000,13.310000,15.780000,15.610000,
2005-07-26,0.000000,,,,,10.940000,10.600000,13.250000,15.740000,15.540000,
2005-07-25,0.000000,,,,,10.940000,10.590000,13.220000,15.670000,15.590000,
2005-07-22,0.000000,,,,,10.940000,10.600000,13.270000,15.770000,15.610000,
2005-07-21,0.000000,,,,,10.940000,10.580000,13.200000,15.630000,15.630000,
2005-07-20,0.000000,,,,,10.940000,10.620000,13.290000,15.790000,15.600000,
2005-07-19,0.000000,,,,,10.930000,10.610000,13.220000,15.670000,15.500000,
2005-07-18,0.000000,,,,,10.930000,10.600000,13.140000,15.480000,15.490000,
2005-07-15,0.000000,,,,,10.930000,10.610000,13.210000,15.550000,15.480000,
2005-07-14,0.000000,,,,,10.930000,10.610000,13.190000,15.530000,15.550000,
2005-07-13,0.000000,,,,,10.930000,10.610000,13.160000,15.600000,15.460000,
2005-07-12,0.000000,,,,,10.930000,10.620000,13.150000,15.650000,15.530000,
2005-07-11,0.000000,,,,,10.930000,10.630000,13.120000,15.630000,15.420000,
2005-07-08,0.000000,,,,,10.920000,10.620000,13.030000,15.480000,15.280000,
2005-07-07,0.000000,,,,,10.920000,10.650000,12.880000,15.270000,15.080000,
2005-07-06,0.000000,,,,,10.920000,10.630000,12.850000,15.220000,15.280000,
2005-07-05,0.000000,,,,,10.920000,10.620000,12.960000,15.300000,15.200000,
2005-07-01,0.000000,,,,,10.910000,10.640000,12.840000,15.120000,15.250000,
2005-06-30,0.000000,,,,,10.910000,10.680000,12.810000,15.040000,15.320000,
2005-06-29,0.000000,,,,,10.910000,10.660000,12.900000,15.070000,15.330000,
2005-06-28,0.000000,,,,,10.910000,10.670000,12.920000,15.050000,15.300000,
2005-06-27,0.000000,,,,,10.910000,10.700000,12.800000,14.850000,15.270000,
2005-06-24,0.000000,,,,,10.900000,10.690000,12.810000,14.850000,15.350000,
2005-06-23,0.000000,,,,,10.900000,10.670000,12.900000,14.950000,15.330000,
2005-06-22,0.000000,,,,,10.900000,10.680000,13.040000,15.090000,15.460000,
2005-06-21,0.000000,,,,,10.900000,10.630000,13.040000,15.060000,15.450000,
2005-06-20,0.000000,,,,,10.900000,10.610000,13.070000,15.090000,15.370000,
2005-06-17,0.000000,,,,,10.900000,10.610000,13.080000,15.110000,15.550000,
2005-06-16,0.000000,,,,,10.890000,10.610000,13.010000,15.090000,15.270000,
2005-06-15,0.000000,,,,,10.890000,10.590000,12.960000,14.960000,15.220000,
2005-06-14,0.000000,,,,,10.890000,10.590000,12.940000,14.920000,15.180000,
2005-06-13,0.000000,,,,,10.890000,10.600000,12.900000,14.830000,15.140000,
2005-06-10,0.000000,,,,,10.890000,10.610000,12.870000,14.770000,15.200000,
2005-06-09,0.000000,,,,,10.890000,10.650000,12.900000,14.770000,15.280000,
2005-06-08,0.000000,,,,,10.880000,10.660000,12.830000,14.660000,15.230000,
2005-06-07,0.000000,,,,,10.880000,10.670000,12.860000,14.720000,15.330000,
2005-06-06,0.000000,,,,,10.880000,10.650000,12.860000,14.700000,15.220000,
2005-06-03,0.000000,,,,,10.880000,10.640000,12.840000,14.660000,15.210000,
2005-06-02,0.000000,,,,,10.880000,10.670000,12.930000,14.730000,15.220000,
2005-06-01,0.000000,,,,,10.880000,10.670000,12.910000,14.680000,15.190000,
2005-05-31,0.000000,,,,,10.880000,10.620000,12.790000,14.550000,15.040000,
2005-05-27,0.000000,,,,,10.870000,10.590000,12.870000,14.540000,15.200000,
2005-05-26,0.000000,,,,,10.870000,10.580000,12.850000,14.480000,15.160000,
2005-05-25,0.000000,,,,,10.870000,10.580000,12.770000,14.340000,15.160000,
2005-05-24,0.000000,,,,,10.870000,10.590000,12.810000,14.450000,15.200000,
2005-05-23,0.000000,,,,,10.860000,10.580000,12.810000,14.440000,15.190000,
2005-05-20,0.000000,,,,,10.860000,10.550000,12.760000,14.360000,15.050000,
2005-05-19,0.000000,,,,,10.860000,10.550000,12.780000,14.360000,15.130000,
2005-05-18,0.000000,,,,,10.860000,10.570000,12.720000,14.280000,15.130000,
2005-05-17,0.000000,,,,,10.860000,10.550000,12.590000,14.060000,14.900000,
2005-05-16,0.000000,,,,,10.860000,10.540000,12.500000,13.970000,14.910000,
2005-05-13,0.000000,,,,,10.850000,10.540000,12.380000,13.810000,14.930000,
2005-05-12,0.000000,,,,,10.850000,10.530000,12.430000,13.900000,15.030000,
2005-05-11,0.000000,,,,,10.850000,10.510000,12.560000,14.070000,15.170000,
2005-05-10,0.000000,,,,,10.850000,10.510000,12.500000,14.040000,15.250000,
2005-05-09,0.000000,,,,,10.850000,10.490000,12.630000,14.150000,15.290000,
2005-05-06,0.000000,,,,,10.840000,10.490000,12.550000,14.050000,15.370000,
2005-05-05,0.000000,,,,,10.840000,10.540000,12.570000,14.020000,15.350000,
2005-05-04,0.000000,,,,,10.840000,10.520000,12.600000,14.000000,15.300000,
2005-05-03,0.000000,,,,,10.840000,10.510000,12.440000,13.800000,15.160000,
2005-05-02,0.000000,,,,,10.840000,10.520000,12.450000,13.820000,15.080000,
2005-04-29,0.000000,,,,,10.840000,10.510000,12.400000,13.720000,15.100000,
2005-04-28,0.000000,,,,,10.830000,10.530000,12.250000,13.630000,14.970000,
2005-04-27,0.000000,,,,,10.830000,10.500000,12.390000,13.830000,15.090000,
2005-04-26,0.000000,,,,,10.830000,10.490000,12.340000,13.840000,15.220000,
2005-04-25,0.000000,,,,,10.830000,10.490000,12.450000,13.980000,15.300000,
2005-04-22,0.000000,,,,,10.820000,10.490000,12.340000,13.810000,15.320000,
2005-04-21,0.000000,,,,,10.820000,10.470000,12.420000,13.960000,15.270000,
2005-04-20,0.000000,,,,,10.820000,10.500000,12.180000,13.720000,15.190000,
2005-04-19,0.000000,,,,,10.820000,10.500000,12.340000,13.900000,15.190000,
2005-04-18,0.000000,,,,,10.820000,10.480000,12.270000,13.720000,15.030000,
2005-04-15,0.000000,,,,,10.820000,10.470000,12.240000,13.660000,15.180000,
2005-04-14,0.000000,,,,,10.810000,10.440000,12.440000,13.860000,15.390000,
2005-04-13,0.000000,,,,,10.810000,10.430000,12.570000,14.060000,15.560000,
2005-04-12,0.000000,,,,,10.810000,10.430000,12.720000,14.260000,15.580000,
2005-04-11,0.000000,,,,,10.810000,10.390000,12.650000,14.170000,15.610000,
2005-04-08,0.000000,,,,,10.810000,10.380000,12.650000,14.210000,15.550000,
2005-04-07,0.000000,,,,,10.800000,10.390000,12.750000,14.360000,15.560000,
2005-04-06,0.000000,,,,,10.800000,10.400000,12.680000,14.290000,15.460000,
2005-04-05,0.000000,,,,,10.800000,10.390000,12.650000,14.260000,15.400000,
2005-04-04,0.000000,,,,,10.800000,10.390000,12.590000,14.230000,15.270000,
2005-04-01,0.000000,,,,,10.800000,10.390000,12.550000,14.200000,15.390000,
2005-03-31,0.000000,,,,,10.800000,10.370000,12.640000,14.250000,15.450000,
2005-03-30,0.000000,,,,,10.790000,10.340000,12.640000,14.210000,15.370000,
2005-03-29,0.000000,,,,,10.790000,10.330000,12.470000,14.020000,15.370000,
2005-03-28,0.000000,,,,,10.790000,10.310000,12.560000,14.190000,15.410000,
2005-03-24,0.000000,,,,,10.790000,10.320000,12.530000,14.210000,15.450000,
2005-03-23,0.000000,,,,,10.790000,10.320000,12.540000,14.160000,15.470000,
2005-03-22,0.000000,,,,,10.780000,10.320000,12.530000,14.280000,15.570000,
2005-03-21,0.000000,,,,,10.780000,10.360000,12.660000,14.360000,15.710000,
2005-03-18,0.000000,,,,,10.780000,10.370000,12.720000,14.380000,15.830000,
2005-03-17,0.000000,,,,,10.780000,10.390000,12.730000,14.440000,15.860000,
2005-03-16,0.000000,,,,,10.780000,10.370000,12.710000,14.390000,15.940000,
2005-03-15,0.000000,,,,,10.770000,10.360000,12.810000,14.520000,15.950000,
2005-03-14,0.000000,,,,,10.770000,10.370000,12.910000,14.580000,15.900000,
2005-03-11,0.000000,,,,,10.770000,10.360000,12.830000,14.470000,16.040000,
2005-03-10,0.000000,,,,,10.770000,10.390000,12.930000,14.480000,15.960000,
2005-03-09,0.000000,,,,,10.770000,10.380000,12.900000,14.540000,16.040000,
2005-03-08,0.000000,,,,,10.770000,10.430000,13.040000,14.700000,16.060000,
2005-03-07,0.000000,,,,,10.760000,10.460000,13.100000,14.800000,15.970000,
2005-03-04,0.000000,,,,,10.760000,10.450000,13.060000,14.750000,16.020000,
2005-03-03,0.000000,,,,,10.760000,10.420000,12.940000,14.620000,15.810000,
2005-03-02,0.000000,,,,,10.760000,10.420000,12.930000,14.610000,15.790000,
2005-03-01,0.000000,,,,,10.760000,10.420000,12.930000,14.610000,15.850000,
2005-02-28,0.000000,,,,,10.760000,10.420000,12.860000,14.520000,15.850000,
2005-02-25,0.000000,,,,,10.750000,10.460000,12.940000,14.590000,15.820000,
2005-02-24,0.000000,,,,,10.750000,10.450000,12.820000,14.420000,15.580000,
2005-02-23,0.000000,,,,,10.750000,10.460000,12.720000,14.290000,15.580000,
2005-02-22,0.000000,,,,,10.750000,10.450000,12.650000,14.230000,15.730000,
2005-02-18,0.000000,,,,,10.740000,10.460000,12.830000,14.470000,15.650000,
2005-02-17,0.000000,,,,,10.740000,10.490000,12.820000,14.490000,15.620000,
2005-02-16,0.000000,,,,,10.740000,10.500000,12.930000,14.610000,15.550000,
2005-02-15,0.000000,,,,,10.740000,10.520000,12.920000,14.550000,15.620000,
2005-02-14,0.000000,,,,,10.740000,10.520000,12.880000,14.530000,15.570000,
2005-02-11,0.000000,,,,,10.730000,10.520000,12.870000,14.530000,15.430000,
2005-02-10,0.000000,,,,,10.730000,10.530000,12.780000,14.380000,15.350000,
2005-02-09,0.000000,,,,,10.730000,10.560000,12.720000,14.340000,15.230000,
2005-02-08,0.000000,,,,,10.730000,10.540000,12.830000,14.540000,15.220000,
2005-02-07,0.000000,,,,,10.730000,10.530000,12.820000,14.510000,15.300000,
2005-02-04,0.000000,,,,,10.730000,10.520000,12.830000,14.530000,15.330000,
2005-02-03,0.000000,,,,,10.730000,10.480000,12.690000,14.360000,15.210000,
2005-02-02,0.000000,,,,,10.720000,10.490000,12.730000,14.400000,15.310000,
2005-02-01,0.000000,,,,,10.720000,10.480000,12.680000,14.320000,15.320000,
2005-01-31,0.000000,,,,,10.720000,10.480000,12.600000,14.230000,15.190000,
2005-01-28,0.000000,,,,,10.720000,10.480000,12.490000,14.050000,15.080000,
2005-01-27,0.000000,,,,,10.720000,10.460000,12.520000,14.090000,15.160000,
2005-01-26,0.000000,,,,,10.720000,10.460000,12.520000,14.070000,15.150000,
2005-01-25,0.000000,,,,,10.710000,10.460000,12.460000,13.920000,14.980000,
2005-01-24,0.000000,,,,,10.710000,10.490000,12.410000,13.910000,15.030000,
2005-01-21,0.000000,,,,,10.710000,10.480000,12.450000,14.040000,14.960000,
2005-01-20,0.000000,,,,,10.710000,10.470000,12.530000,14.070000,14.930000,
2005-01-19,0.000000,,,,,10.710000,10.450000,12.630000,14.160000,15.030000,
2005-01-18,0.000000,,,,,10.710000,10.450000,12.750000,14.280000,15.080000,
2005-01-14,0.000000,,,,,10.700000,10.440000,12.630000,14.140000,15.090000,
2005-01-13,0.000000,,,,,10.700000,10.450000,12.550000,14.010000,15.130000,
2005-01-12,0.000000,,,,,10.700000,10.430000,12.660000,14.050000,15.180000,
2005-01-11,0.000000,,,,,10.700000,10.420000,12.610000,14.010000,15.130000,
2005-01-10,0.000000,,,,,10.700000,10.400000,12.690000,14.130000,15.110000,
2005-01-07,0.000000,,,,,10.690000,10.400000,12.640000,14.050000,15.060000,
2005-01-06,0.000000,,,,,10.690000,10.400000,12.660000,14.120000,15.090000,
2005-01-05,0.000000,,,,,10.690000,10.400000,12.610000,14.060000,15.160000,
2005-01-04,0.000000,,,,,10.690000,10.390000,12.660000,14.250000,15.170000,
2005-01-03,0.000000,,,,,10.690000,10.420000,12.810000,14.500000,15.410000,
2004-12-31,0.000000,,,,,10.680000,10.420000,12.910000,14.730000,15.480000,
2004-12-30,0.000000,,,,,10.680000,10.400000,12.930000,14.750000,15.470000,
2004-12-29,0.000000,,,,,10.680000,10.370000,12.930000,14.730000,15.370000,
2004-12-28,0.000000,,,,,10.680000,10.390000,12.930000,14.730000,15.420000,
2004-12-27,0.000000,,,,,10.680000,10.390000,12.830000,14.540000,15.410000,
2004-12-23,0.000000,,,,,10.670000,10.410000,12.890000,14.620000,15.260000,
2004-12-22,0.000000,,,,,10.670000,10.410000,12.880000,14.600000,15.140000,
2004-12-21,0.000000,,,,,10.670000,10.420000,12.830000,14.550000,15.040000,
2004-12-20,0.000000,,,,,10.670000,10.410000,12.720000,14.390000,15.090000,
2004-12-17,0.000000,,,,,10.660000,10.400000,12.710000,14.460000,14.900000,
2004-12-16,0.000000,,,,,10.660000,10.410000,12.810000,14.440000,14.980000,
2004-12-15,0.000000,,,,,10.660000,10.450000,12.840000,14.540000,15.060000,
2004-12-14,0.000000,,,,,10.660000,10.430000,12.810000,14.430000,14.900000,
2004-12-13,0.000000,,,,,10.660000,10.420000,12.760000,14.330000,14.870000,
2004-12-10,0.000000,,,,,10.660000,10.420000,12.640000,14.230000,14.690000,
2004-12-09,0.000000,,,,,10.650000,10.420000,12.660000,14.180000,14.850000,
2004-12-08,0.000000,,,,,10.650000,10.430000,12.590000,14.150000,14.930000,
2004-12-07,0.000000,,,,,10.650000,10.390000,12.530000,14.080000,14.980000,
2004-12-06,0.000000,,,,,10.650000,10.390000,12.660000,14.300000,15.060000,
2004-12-03,0.000000,,,,,10.650000,10.370000,12.670000,14.330000,15.090000,
2004-12-02,0.000000,,,,,10.650000,10.310000,12.670000,14.300000,15.000000,
2004-12-01,0.000000,,,,,10.640000,10.320000,12.680000,14.330000,15.010000,
2004-11-30,0.000000,,,,,10.640000,10.320000,12.490000,14.140000,14.830000,
2004-11-29,0.000000,,,,,10.640000,10.330000,12.540000,14.160000,14.910000,
2004-11-26,0.000000,,,,,10.640000,10.360000,12.580000,14.140000,14.850000,
2004-11-24,0.000000,,,,,10.640000,10.370000,12.570000,14.110000,14.700000,
2004-11-23,0.000000,,,,,10.630000,10.380000,12.510000,14.000000,14.620000,
2004-11-22,0.000000,,,,,10.630000,10.380000,12.520000,13.930000,14.570000,
2004-11-19,0.000000,,,,,10.630000,10.370000,12.440000,13.820000,14.630000,
2004-11-18,0.000000,,,,,10.630000,10.400000,12.580000,13.980000,14.690000,
2004-11-17,0.000000,,,,,10.630000,10.380000,12.570000,13.990000,14.740000,
2004-11-16,0.000000,,,,,10.630000,10.350000,12.500000,13.900000,14.580000,
2004-11-15,0.000000,,,,,10.620000,10.360000,12.580000,13.980000,14.620000,
2004-11-12,0.000000,,,,,10.620000,10.360000,12.590000,13.950000,14.650000,
2004-11-10,0.000000,,,,,10.620000,10.330000,12.360000,13.690000,14.350000,
2004-11-09,0.000000,,,,,10.620000,10.350000,12.370000,13.630000,14.360000,
2004-11-08,0.000000,,,,,10.620000,10.350000,12.370000,13.580000,14.400000,
2004-11-05,0.000000,,,,,10.610000,10.350000,12.390000,13.610000,14.480000,
2004-11-04,0.000000,,,,,10.610000,10.400000,12.340000,13.570000,14.380000,
2004-11-03,0.000000,,,,,10.610000,10.400000,12.140000,13.420000,14.220000,
2004-11-02,0.000000,,,,,10.610000,10.390000,12.000000,13.240000,14.090000,
2004-11-01,0.000000,,,,,10.610000,10.380000,12.000000,13.250000,13.980000,
2004-10-29,0.000000,,,,,10.610000,10.410000,12.000000,13.220000,13.970000,
2004-10-28,0.000000,,,,,10.600000,10.380000,11.970000,13.220000,13.950000,
2004-10-27,0.000000,,,,,10.600000,10.380000,11.950000,13.240000,13.850000,
2004-10-26,0.000000,,,,,10.600000,10.410000,11.790000,13.060000,13.710000,
2004-10-25,0.000000,,,,,10.600000,10.410000,11.620000,12.930000,13.680000,
2004-10-22,0.000000,,,,,10.600000,10.410000,11.630000,12.900000,13.750000,
2004-10-21,0.000000,,,,,10.590000,10.400000,11.740000,13.040000,13.730000,
2004-10-20,0.000000,,,,,10.590000,10.400000,11.710000,12.920000,13.670000,
2004-10-19,0.000000,,,,,10.590000,10.380000,11.710000,12.870000,13.730000,
2004-10-18,0.000000,,,,,10.590000,10.380000,11.820000,12.960000,13.590000,
2004-10-15,0.000000,,,,,10.590000,10.380000,11.760000,12.910000,13.620000,
2004-10-14,0.000000,,,,,10.590000,10.390000,11.710000,12.840000,13.560000,
2004-10-13,0.000000,,,,,10.580000,10.370000,11.820000,12.920000,13.560000,
2004-10-12,0.000000,,,,,10.580000,10.350000,11.900000,13.040000,13.580000,
2004-10-08,0.000000,,,,,10.580000,10.330000,11.910000,13.030000,13.790000,
2004-10-07,0.000000,,,,,10.580000,10.280000,12.000000,13.140000,13.690000,
2004-10-06,0.000000,,,,,10.580000,10.290000,12.120000,13.310000,13.710000,
2004-10-05,0.000000,,,,,10.580000,10.310000,12.030000,13.210000,13.710000,
2004-10-04,0.000000,,,,,10.570000,10.300000,12.040000,13.240000,13.660000,
2004-10-01,0.000000,,,,,10.570000,10.290000,12.000000,13.180000,13.620000,
2004-09-30,0.000000,,,,,10.570000,10.320000,11.820000,12.980000,13.440000,
2004-09-29,0.000000,,,,,10.570000,10.330000,11.820000,12.910000,13.350000,
2004-09-28,0.000000,,,,,10.570000,10.360000,11.770000,12.830000,13.300000,
2004-09-27,0.000000,,,,,10.570000,10.360000,11.700000,12.730000,13.260000,
2004-09-24,0.000000,,,,,10.560000,10.350000,11.770000,12.860000,13.320000,
2004-09-23,0.000000,,,,,10.560000,10.350000,11.750000,12.830000,13.360000,
2004-09-22,0.000000,,,,,10.560000,10.370000,11.800000,12.840000,13.370000,
2004-09-21,0.000000,,,,,10.560000,10.350000,11.970000,13.010000,13.560000,
2004-09-20,0.000000,,,,,10.560000,10.350000,11.900000,12.910000,13.330000,
2004-09-17,0.000000,,,,,10.550000,10.310000,11.960000,12.950000,13.370000,
2004-09-16,0.000000,,,,,10.550000,10.340000,11.910000,12.960000,13.320000,
2004-09-15,0.000000,,,,,10.550000,10.300000,11.880000,12.850000,13.290000,
2004-09-14,0.000000,,,,,10.550000,10.310000,11.960000,12.900000,13.470000,
2004-09-13,0.000000,,,,,10.550000,10.300000,11.930000,12.910000,13.430000,
2004-09-10,0.000000,,,,,10.550000,10.290000,11.910000,12.840000,13.380000,
2004-09-09,0.000000,,,,,10.540000,10.280000,11.850000,12.770000,13.240000,
2004-09-08,0.000000,,,,,10.540000,10.290000,11.830000,12.680000,13.320000,
2004-09-07,0.000000,,,,,10.540000,10.250000,11.880000,12.760000,13.290000,
2004-09-03,0.000000,,,,,10.540000,10.230000,11.800000,12.650000,13.150000,
2004-09-02,0.000000,,,,,10.540000,10.270000,11.850000,12.710000,13.300000,
2004-09-01,0.000000,,,,,10.530000,10.300000,11.720000,12.580000,13.200000,
2004-08-31,0.000000,,,,,10.530000,10.290000,11.690000,12.490000,13.170000,
2004-08-30,0.000000,,,,,10.530000,10.270000,11.640000,12.420000,13.110000,
2004-08-27,0.000000,,,,,10.530000,10.250000,11.730000,12.540000,13.130000,
2004-08-26,0.000000,,,,,10.530000,10.250000,11.700000,12.470000,13.080000,
2004-08-25,0.000000,,,,,10.530000,10.230000,11.700000,12.490000,12.990000,
2004-08-24,0.000000,,,,,10.520000,10.220000,11.610000,12.390000,12.960000,
2004-08-23,0.000000,,,,,10.520000,10.220000,11.600000,12.370000,12.960000,
2004-08-20,0.000000,,,,,10.520000,10.240000,11.630000,12.440000,12.990000,
2004-08-19,0.000000,,,,,10.520000,10.240000,11.550000,12.250000,13.030000,
2004-08-18,0.000000,,,,,10.520000,10.230000,11.590000,12.320000,13.000000,
2004-08-17,0.000000,,,,,10.520000,10.240000,11.450000,12.120000,12.890000,
2004-08-16,0.000000,,,,,10.510000,10.220000,11.420000,12.060000,12.930000,
2004-08-13,0.000000,,,,,10.510000,10.230000,11.270000,11.870000,12.810000,
2004-08-12,0.000000,,,,,10.510000,10.210000,11.250000,11.870000,12.800000,
2004-08-11,0.000000,,,,,10.510000,10.200000,11.380000,12.030000,12.820000,
2004-08-10,0.000000,,,,,10.510000,10.190000,11.410000,12.090000,12.920000,
2004-08-09,0.000000,,,,,10.500000,10.210000,11.260000,11.890000,12.830000,
2004-08-06,0.000000,,,,,10.500000,10.220000,11.250000,11.910000,12.850000,
2004-08-05,0.000000,,,,,10.500000,10.130000,11.430000,12.110000,12.880000,
2004-08-04,0.000000,,,,,10.500000,10.120000,11.620000,12.320000,12.950000,
2004-08-03,0.000000,,,,,10.500000,10.120000,11.630000,12.390000,13.080000,
2004-08-02,0.000000,,,,,10.500000,10.110000,11.700000,12.510000,13.040000,
2004-07-30,0.000000,,,,,10.490000,10.100000,11.650000,12.490000,13.040000,
2004-07-29,0.000000,,,,,10.490000,10.050000,11.630000,12.450000,12.970000,
2004-07-28,0.000000,,,,,10.490000,10.040000,11.580000,12.300000,12.870000,
2004-07-27,0.000000,,,,,10.490000,10.030000,11.570000,12.360000,12.850000,
2004-07-26,0.000000,,,,,10.490000,10.090000,11.460000,12.180000,12.890000,
2004-07-23,0.000000,,,,,10.480000,10.100000,11.480000,12.310000,12.960000,
2004-07-22,0.000000,,,,,10.480000,10.090000,11.590000,12.470000,13.110000,
2004-07-21,0.000000,,,,,10.480000,10.080000,11.560000,12.520000,13.160000,
2004-07-20,0.000000,,,,,10.480000,10.090000,11.710000,12.790000,13.280000,
2004-07-19,0.000000,,,,,10.480000,10.130000,11.630000,12.630000,13.340000,
2004-07-16,0.000000,,,,,10.470000,10.130000,11.640000,12.650000,13.390000,
2004-07-15,0.000000,,,,,10.470000,10.070000,11.690000,12.750000,13.280000,
2004-07-14,0.000000,,,,,10.470000,10.070000,11.740000,12.710000,13.400000,
2004-07-13,0.000000,,,,,10.470000,10.070000,11.780000,12.750000,13.410000,
2004-07-12,0.000000,,,,,10.470000,10.090000,11.770000,12.740000,13.480000,
2004-07-09,0.000000,,,,,10.460000,10.080000,11.760000,12.770000,13.460000,
2004-07-08,0.000000,,,,,10.460000,10.080000,11.720000,12.730000,13.360000,
2004-07-07,0.000000,,,,,10.460000,10.070000,11.810000,12.920000,13.400000,
2004-07-06,0.000000,,,,,10.460000,10.070000,11.790000,12.910000,13.340000,
2004-07-02,0.000000,,,,,10.450000,10.080000,11.880000,13.080000,13.480000,
2004-07-01,0.000000,,,,,10.450000,10.030000,11.920000,13.070000,13.470000,
2004-06-30,0.000000,,,,,10.450000,10.000000,12.040000,13.220000,13.550000,
2004-06-29,0.000000,,,,,10.450000,9.960000,12.000000,13.120000,13.510000,
2004-06-28,0.000000,,,,,10.450000,9.940000,11.960000,13.070000,13.630000,
2004-06-25,0.000000,,,,,10.450000,9.980000,11.970000,13.130000,13.500000,
2004-06-24,0.000000,,,,,10.440000,9.970000,12.040000,13.040000,13.540000,
2004-06-23,0.000000,,,,,10.440000,9.950000,12.070000,13.050000,13.420000,
2004-06-22,0.000000,,,,,10.440000,9.940000,11.970000,12.910000,13.310000,
2004-06-21,0.000000,,,,,10.440000,9.950000,11.930000,12.850000,13.430000,
2004-06-18,0.000000,,,,,10.440000,9.940000,11.980000,12.880000,13.410000,
2004-06-17,0.000000,,,,,10.430000,9.940000,11.950000,12.890000,13.350000,
2004-06-16,0.000000,,,,,10.430000,9.920000,11.960000,12.890000,13.310000,
2004-06-15,0.000000,,,,,10.430000,9.940000,11.950000,12.860000,13.330000,
2004-06-14,0.000000,,,,,10.430000,9.850000,11.870000,12.700000,13.150000,
2004-06-10,0.000000,,,,,10.430000,9.890000,11.990000,12.880000,13.360000,
2004-06-09,0.000000,,,,,10.420000,9.890000,11.930000,12.870000,13.230000,
2004-06-08,0.000000,,,,,10.420000,9.910000,12.050000,13.040000,13.460000,
2004-06-07,0.000000,,,,,10.420000,9.910000,12.030000,13.060000,13.530000,
2004-06-04,0.000000,,,,,10.420000,9.900000,11.840000,12.850000,13.200000,
2004-06-03,0.000000,,,,,10.420000,9.920000,11.780000,12.760000,13.120000,
2004-06-02,0.000000,,,,,10.410000,9.910000,11.870000,12.950000,13.200000,
2004-06-01,0.000000,,,,,10.410000,9.920000,11.820000,12.920000,13.150000,
2004-05-28,0.000000,,,,,10.410000,9.940000,11.820000,12.870000,13.170000,
2004-05-27,0.000000,,,,,10.410000,9.970000,11.820000,12.830000,13.200000,
2004-05-26,0.000000,,,,,10.410000,9.930000,11.750000,12.790000,12.980000,
2004-05-25,0.000000,,,,,10.410000,9.900000,11.730000,12.710000,13.000000,
2004-05-24,0.000000,,,,,10.400000,9.890000,11.550000,12.470000,12.830000,
2004-05-21,0.000000,,,,,10.400000,9.880000,11.530000,12.350000,12.810000,
2004-05-20,0.000000,,,,,10.400000,9.900000,11.480000,12.280000,12.650000,
2004-05-19,0.000000,,,,,10.400000,9.870000,11.470000,12.270000,12.720000,
2004-05-18,0.000000,,,,,10.400000,9.890000,11.500000,12.290000,12.480000,
2004-05-17,0.000000,,,,,10.400000,9.910000,11.420000,12.160000,12.390000,
2004-05-14,0.000000,,,,,10.390000,9.860000,11.550000,12.310000,12.500000,
2004-05-13,0.000000,,,,,10.390000,9.830000,11.550000,12.360000,12.550000,
2004-05-12,0.000000,,,,,10.390000,9.860000,11.560000,12.360000,12.680000,
2004-05-11,0.000000,,,,,10.390000,9.860000,11.540000,12.380000,12.530000,
2004-05-10,0.000000,,,,,10.390000,9.840000,11.450000,12.190000,12.460000,
2004-05-07,0.000000,,,,,10.380000,9.840000,11.570000,12.450000,12.870000,
2004-05-06,0.000000,,,,,10.380000,9.920000,11.730000,12.720000,13.190000,
2004-05-05,0.000000,,,,,10.380000,9.950000,11.810000,12.880000,13.440000,
2004-05-04,0.000000,,,,,10.380000,9.970000,11.790000,12.830000,13.320000,
2004-05-03,0.000000,,,,,10.380000,9.980000,11.760000,12.780000,13.160000,
2004-04-30,0.000000,,,,,10.370000,9.990000,11.660000,12.680000,13.130000,
2004-04-29,0.000000,,,,,10.370000,9.970000,11.730000,12.800000,13.150000,
2004-04-28,0.000000,,,,,10.370000,10.010000,11.810000,12.990000,13.190000,
2004-04-27,0.000000,,,,,10.370000,10.030000,11.980000,13.210000,13.450000,
2004-04-26,0.000000,,,,,10.370000,10.020000,11.950000,13.210000,13.460000,
2004-04-23,0.000000,,,,,10.370000,10.010000,12.000000,13.230000,13.390000,
2004-04-22,0.000000,,,,,10.370000,10.050000,11.990000,13.270000,13.460000,
2004-04-21,0.000000,,,,,10.360000,10.020000,11.830000,13.060000,13.300000,
2004-04-20,0.000000,,,,,10.360000,10.040000,11.760000,12.960000,13.320000,
2004-04-19,0.000000,,,,,10.360000,10.060000,11.950000,13.160000,13.420000,
2004-04-16,0.000000,,,,,10.360000,10.060000,11.940000,13.080000,13.440000,
2004-04-15,0.000000,,,,,10.360000,10.040000,11.880000,13.020000,13.290000,
2004-04-14,0.000000,,,,,10.360000,10.050000,11.870000,13.050000,13.350000,
2004-04-13,0.000000,,,,,10.360000,10.070000,11.880000,13.120000,13.550000,
2004-04-12,0.000000,,,,,10.350000,10.110000,12.050000,13.370000,13.700000,
2004-04-08,0.000000,,,,,10.350000,10.120000,11.990000,13.360000,13.650000,
2004-04-07,0.000000,,,,,10.350000,10.130000,12.000000,13.410000,13.670000,
2004-04-06,0.000000,,,,,10.350000,10.130000,12.080000,13.390000,13.580000,
2004-04-05,0.000000,,,,,10.350000,10.100000,12.100000,13.510000,13.650000,
2004-04-02,0.000000,,,,,10.340000,10.130000,12.010000,13.440000,13.600000,
2004-04-01,0.000000,,,,,10.340000,10.230000,11.910000,13.330000,13.610000,
2004-03-31,0.000000,,,,,10.340000,10.250000,11.840000,13.200000,13.440000,
2004-03-30,0.000000,,,,,10.340000,10.230000,11.850000,13.150000,13.320000,
2004-03-29,0.000000,,,,,10.340000,10.230000,11.800000,13.050000,13.300000,
2004-03-26,0.000000,,,,,10.340000,10.250000,11.650000,12.860000,13.150000,
2004-03-25,0.000000,,,,,10.330000,10.290000,11.660000,12.830000,13.190000,
2004-03-24,0.000000,,,,,10.330000,10.300000,11.470000,12.600000,12.990000,
2004-03-23,0.000000,,,,,10.330000,10.300000,11.500000,12.650000,13.020000,
2004-03-22,0.000000,,,,,10.330000,10.290000,11.520000,12.640000,12.970000,
2004-03-19,0.000000,,,,,10.330000,10.270000,11.670000,12.860000,13.130000,
2004-03-18,0.000000,,,,,10.330000,10.280000,11.800000,12.930000,13.230000,
2004-03-17,0.000000,,,,,10.330000,10.300000,11.810000,12.980000,13.250000,
2004-03-16,0.000000,,,,,10.320000,10.300000,11.670000,12.780000,13.060000,
2004-03-15,0.000000,,,,,10.320000,10.270000,11.610000,12.790000,12.890000,
2004-03-12,0.000000,,,,,10.320000,10.270000,11.780000,13.040000,13.080000,
2004-03-11,0.000000,,,,,10.320000,10.280000,11.630000,12.820000,13.050000,
2004-03-10,0.000000,,,,,10.320000,10.280000,11.810000,12.970000,13.240000,
2004-03-09,0.000000,,,,,10.320000,10.280000,11.980000,13.190000,13.400000,
2004-03-08,0.000000,,,,,10.320000,10.270000,12.050000,13.310000,13.530000,
2004-03-05,0.000000,,,,,10.310000,10.250000,12.150000,13.430000,13.580000,
2004-03-04,0.000000,,,,,10.310000,10.170000,12.130000,13.370000,13.390000,
2004-03-03,0.000000,,,,,10.310000,10.150000,12.090000,13.260000,13.310000,
2004-03-02,0.000000,,,,,10.310000,10.160000,12.070000,13.270000,13.490000,
2004-03-01,0.000000,,,,,10.310000,10.180000,12.140000,13.320000,13.560000,
2004-02-27,0.000000,,,,,10.310000,10.180000,12.020000,13.150000,13.360000,
2004-02-26,0.000000,,,,,10.300000,10.150000,12.020000,13.090000,13.290000,
2004-02-25,0.000000,,,,,10.300000,10.160000,12.010000,12.990000,13.360000,
2004-02-24,0.000000,,,,,10.300000,10.160000,11.960000,12.860000,13.430000,
2004-02-23,0.000000,,,,,10.300000,10.150000,11.980000,12.860000,13.490000,
2004-02-20,0.000000,,,,,10.300000,10.130000,12.010000,13.020000,13.450000,
2004-02-19,0.000000,,,,,10.290000,10.150000,12.040000,13.080000,13.650000,
2004-02-18,0.000000,,,,,10.290000,10.140000,12.090000,13.210000,13.640000,
2004-02-17,0.000000,,,,,10.290000,10.140000,12.140000,13.260000,13.660000,
2004-02-13,0.000000,,,,,10.290000,10.140000,12.030000,13.120000,13.490000,
2004-02-12,0.000000,,,,,10.290000,10.120000,12.090000,13.210000,13.500000,
2004-02-11,0.000000,,,,,10.290000,10.140000,12.150000,13.270000,13.440000,
2004-02-10,0.000000,,,,,10.280000,10.100000,12.020000,13.160000,13.360000,
2004-02-09,0.000000,,,,,10.280000,10.110000,11.960000,13.050000,13.340000,
2004-02-06,0.000000,,,,,10.280000,10.100000,11.980000,13.000000,13.250000,
2004-02-05,0.000000,,,,,10.280000,10.060000,11.840000,12.740000,13.090000,
2004-02-04,0.000000,,,,,10.280000,10.080000,11.810000,12.690000,13.030000,
2004-02-03,0.000000,,,,,10.280000,10.090000,11.910000,12.900000,13.150000,
2004-02-02,0.000000,,,,,10.280000,10.070000,11.900000,12.930000,13.100000,
2004-01-30,0.000000,,,,,10.270000,10.070000,11.860000,12.920000,13.070000,
2004-01-29,0.000000,,,,,10.270000,10.040000,11.890000,12.880000,13.080000,
2004-01-28,0.000000,,,,,10.270000,10.040000,11.830000,12.960000,13.240000,
2004-01-27,0.000000,,,,,10.270000,10.090000,11.990000,13.180000,13.360000,
2004-01-26,0.000000,,,,,10.270000,10.070000,12.110000,13.280000,13.410000,
2004-01-23,0.000000,,,,,10.260000,10.090000,11.960000,13.170000,13.450000,
2004-01-22,0.000000,,,,,10.260000,10.130000,11.990000,13.130000,13.470000,
2004-01-21,0.000000,,,,,10.260000,10.110000,12.030000,13.180000,13.450000,
2004-01-20,0.000000,,,,,10.260000,10.100000,11.930000,13.160000,13.280000,
2004-01-16,0.000000,,,,,10.250000,10.110000,11.940000,13.040000,13.130000,
2004-01-15,0.000000,,,,,10.250000,10.120000,11.860000,12.930000,13.170000,
2004-01-14,0.000000,,,,,10.250000,10.110000,11.850000,12.910000,13.280000,
2004-01-13,0.000000,,,,,10.250000,10.100000,11.750000,12.830000,13.260000,
2004-01-12,0.000000,,,,,10.250000,10.080000,11.810000,12.870000,13.270000,
2004-01-09,0.000000,,,,,10.250000,10.080000,11.760000,12.760000,13.310000,
2004-01-08,0.000000,,,,,10.250000,10.010000,11.860000,12.790000,13.250000,
2004-01-07,0.000000,,,,,10.240000,10.010000,11.800000,12.740000,13.120000,
2004-01-06,0.000000,,,,,10.240000,9.990000,11.770000,12.670000,13.220000,
2004-01-05,0.000000,,,,,10.240000,9.950000,11.760000,12.640000,13.170000,
2004-01-02,0.000000,,,,,10.240000,9.940000,11.610000,12.500000,12.990000,
2003-12-31,0.000000,,,,,10.240000,9.990000,11.650000,12.480000,12.900000,
2003-12-30,0.000000,,,,,10.230000,9.980000,11.620000,12.570000,12.820000,
2003-12-29,0.000000,,,,,10.230000,9.990000,11.620000,12.540000,12.700000,
2003-12-26,0.000000,,,,,10.230000,10.010000,11.470000,12.380000,12.630000,
2003-12-24,0.000000,,,,,10.230000,9.990000,11.450000,12.350000,12.610000,
2003-12-23,0.000000,,,,,10.230000,9.960000,11.470000,12.360000,12.560000,
2003-12-22,0.000000,,,,,10.220000,10.000000,11.440000,12.280000,12.510000,
2003-12-19,0.000000,,,,,10.220000,10.010000,11.400000,12.230000,12.460000,
2003-12-18,0.000000,,,,,10.220000,10.010000,11.400000,12.230000,12.420000,
2003-12-17,0.000000,,,,,10.220000,9.990000,11.270000,12.070000,12.350000,
2003-12-16,0.000000,,,,,10.220000,9.970000,11.250000,12.050000,12.340000,
2003-12-15,0.000000,,,,,10.220000,9.950000,11.180000,12.040000,12.410000,
2003-12-12,0.000000,,,,,10.210000,9.960000,11.240000,12.210000,12.300000,
2003-12-11,0.000000,,,,,10.210000,9.960000,11.210000,12.140000,12.180000,
2003-12-10,0.000000,,,,,10.210000,9.920000,11.080000,11.910000,12.170000,
2003-12-09,0.000000,,,,,10.210000,9.900000,11.090000,12.030000,12.280000,
2003-12-08,0.000000,,,,,10.210000,9.940000,11.190000,12.180000,12.230000,
2003-12-05,0.000000,,,,,10.200000,9.960000,11.110000,12.110000,12.260000,
2003-12-04,0.000000,,,,,10.200000,9.880000,11.190000,12.200000,12.270000,
2003-12-03,0.000000,,,,,10.200000,9.860000,11.140000,12.240000,12.290000,
2003-12-02,0.000000,,,,,10.200000,9.870000,11.160000,12.370000,12.230000,
2003-12-01,0.000000,,,,,10.200000,9.860000,11.190000,12.380000,12.150000,
2003-11-28,0.000000,,,,,10.190000,9.890000,11.070000,12.230000,11.980000,
2003-11-26,0.000000,,,,,10.190000,9.920000,11.070000,12.180000,11.940000,
2003-11-25,0.000000,,,,,10.190000,9.940000,11.020000,12.130000,11.820000,
2003-11-24,0.000000,,,,,10.190000,9.920000,11.000000,12.040000,11.770000,
2003-11-21,0.000000,,,,,10.190000,9.950000,10.820000,11.800000,11.740000,
2003-11-20,0.000000,,,,,10.190000,9.950000,10.810000,11.750000,11.710000,
2003-11-19,0.000000,,,,,10.180000,9.920000,10.900000,11.810000,11.670000,
2003-11-18,0.000000,,,,,10.180000,9.950000,10.810000,11.760000,11.780000,
2003-11-17,0.000000,,,,,10.180000,9.950000,10.910000,11.850000,11.680000,
2003-11-14,0.000000,,,,,10.180000,9.930000,10.980000,11.960000,11.930000,
2003-11-13,0.000000,,,,,10.180000,9.890000,11.060000,12.090000,11.890000,
2003-11-12,0.000000,,,,,10.180000,9.840000,11.060000,12.070000,11.760000,
2003-11-10,0.000000,,,,,10.170000,9.830000,10.940000,11.930000,11.770000,
2003-11-07,0.000000,,,,,10.170000,9.800000,11.000000,12.080000,11.810000,
2003-11-06,0.000000,,,,,10.170000,9.810000,11.050000,12.070000,11.660000,
2003-11-05,0.000000,,,,,10.170000,9.840000,10.990000,12.000000,11.740000,
2003-11-04,0.000000,,,,,10.170000,9.860000,11.000000,11.980000,11.820000,
2003-11-03,0.000000,,,,,10.160000,9.840000,11.060000,11.980000,11.720000,
2003-10-31,0.000000,,,,,10.160000,9.860000,10.970000,11.820000,11.720000,
2003-10-30,0.000000,,,,,10.160000,9.840000,10.930000,11.820000,11.830000,
2003-10-29,0.000000,,,,,10.160000,9.870000,10.940000,11.830000,11.790000,
2003-10-28,0.000000,,,,,10.160000,9.900000,10.930000,11.740000,11.710000,
2003-10-27,0.000000,,,,,10.160000,9.860000,10.760000,11.560000,11.650000,
2003-10-24,0.000000,,,,,10.150000,9.880000,10.740000,11.420000,11.570000,
2003-10-23,0.000000,,,,,10.150000,9.840000,10.790000,11.460000,11.530000,
2003-10-22,0.000000,,,,,10.150000,9.850000,10.750000,11.490000,11.770000,
2003-10-21,0.000000,,,,,10.150000,9.820000,10.920000,11.690000,11.870000,
2003-10-20,0.000000,,,,,10.150000,9.810000,10.900000,11.620000,11.840000,
2003-10-17,0.000000,,,,,10.150000,9.800000,10.850000,11.610000,11.810000,
2003-10-16,0.000000,,,,,10.140000,9.780000,10.960000,11.780000,11.870000,
2003-10-15,0.000000,,,,,10.140000,9.800000,10.920000,11.720000,11.820000,
2003-10-14,0.000000,,,,,10.140000,9.820000,10.950000,11.800000,11.800000,
2003-10-10,0.000000,,,,,10.140000,9.850000,10.830000,11.600000,11.750000,
2003-10-09,0.000000,,,,,10.140000,9.830000,10.840000,11.610000,11.680000,
2003-10-08,0.000000,,,,,10.140000,9.850000,10.790000,11.520000,11.560000,
2003-10-07,0.000000,,,,,10.130000,9.840000,10.840000,11.570000,11.610000,
2003-10-06,0.000000,,,,,10.130000,9.880000,10.790000,11.510000,11.550000,
2003-10-03,0.000000,,,,,10.130000,9.850000,10.740000,11.420000,11.540000,
2003-10-02,0.000000,,,,,10.130000,9.930000,10.640000,11.260000,11.370000,
2003-10-01,0.000000,,,,,10.130000,9.960000,10.620000,11.190000,11.260000,
2003-09-30,0.000000,,,,,10.130000,9.960000,10.380000,10.980000,11.050000,
2003-09-29,0.000000,,,,,10.130000,9.900000,10.490000,11.050000,11.100000,
2003-09-26,0.000000,,,,,10.120000,9.920000,10.390000,10.930000,11.120000,
2003-09-25,0.000000,,,,,10.120000,9.890000,10.460000,11.090000,11.200000,
2003-09-24,0.000000,,,,,10.120000,9.870000,10.520000,11.280000,11.290000,
2003-09-23,0.000000,,,,,10.120000,9.840000,10.720000,11.470000,11.290000,
2003-09-22,0.000000,,,,,10.120000,9.830000,10.660000,11.370000,11.300000,
2003-09-19,0.000000,,,,,10.110000,9.850000,10.800000,11.500000,11.380000,
2003-09-18,0.000000,,,,,10.110000,9.850000,10.830000,11.480000,11.390000,
2003-09-17,0.000000,,,,,10.110000,9.850000,10.690000,11.360000,11.270000,
2003-09-16,0.000000,,,,,10.110000,9.810000,10.730000,11.370000,11.180000,
2003-09-15,0.000000,,,,,10.110000,9.820000,10.580000,11.230000,11.100000,
2003-09-12,0.000000,,,,,10.100000,9.810000,10.620000,11.260000,11.080000,
2003-09-11,0.000000,,,,,10.100000,9.780000,10.590000,11.220000,11.000000,
2003-09-10,0.000000,,,,,10.100000,9.800000,10.530000,11.140000,11.050000,
2003-09-09,0.000000,,,,,10.100000,9.760000,10.660000,11.370000,11.140000,
2003-09-08,0.000000,,,,,10.100000,9.750000,10.750000,11.450000,11.120000,
2003-09-05,0.000000,,,,,10.100000,9.760000,10.640000,11.310000,11.020000,
2003-09-04,0.000000,,,,,10.090000,9.680000,10.710000,11.370000,10.970000,
2003-09-03,0.000000,,,,,10.090000,9.640000,10.690000,11.330000,10.960000,
2003-09-02,0.000000,,,,,10.090000,9.640000,10.640000,11.280000,10.840000,
2003-08-29,0.000000,,,,,10.090000,9.700000,10.500000,11.130000,10.720000,
2003-08-28,0.000000,,,,,10.090000,9.700000,10.440000,11.070000,10.690000,
2003-08-27,0.000000,,,,,10.080000,9.660000,10.380000,10.960000,10.660000,
2003-08-26,0.000000,,,,,10.080000,9.670000,10.380000,10.880000,10.610000,
2003-08-25,0.000000,,,,,10.080000,9.660000,10.340000,10.850000,10.690000,
2003-08-22,0.000000,,,,,10.080000,9.680000,10.340000,10.900000,10.740000,
2003-08-21,0.000000,,,,,10.080000,9.660000,10.440000,11.030000,10.780000,
2003-08-20,0.000000,,,,,10.080000,9.690000,10.410000,10.930000,10.780000,
2003-08-19,0.000000,,,,,10.070000,9.710000,10.430000,10.910000,10.730000,
2003-08-18,0.000000,,,,,10.070000,9.660000,10.410000,10.790000,10.730000,
2003-08-15,0.000000,,,,,10.070000,9.640000,10.310000,10.650000,10.690000,
2003-08-14,0.000000,,,,,10.070000,9.620000,10.310000,10.620000,10.690000,
2003-08-13,0.000000,,,,,10.070000,9.630000,10.240000,10.560000,10.570000,
2003-08-12,0.000000,,,,,10.070000,9.710000,10.300000,10.560000,10.510000,
2003-08-11,0.000000,,,,,10.060000,9.710000,10.200000,10.430000,10.470000,
2003-08-08,0.000000,,,,,10.060000,9.740000,10.170000,10.340000,10.400000,
2003-08-07,0.000000,,,,,10.060000,9.730000,10.130000,10.320000,10.370000,
2003-08-06,0.000000,,,,,10.060000,9.700000,10.060000,10.310000,10.330000,
2003-08-05,0.000000,,,,,10.060000,9.630000,10.040000,10.370000,10.430000,
2003-08-04,0.000000,,,,,10.060000,9.660000,10.220000,10.510000,10.390000,
2003-08-01,0.000000,,,,,10.050000,9.630000,10.190000,10.560000,10.420000,
2003-07-31,0.000000,,,,,10.050000,9.630000,10.300000,10.690000,10.470000,
2003-07-30,0.000000,,,,,10.050000,9.720000,10.270000,10.650000,10.490000,
2003-07-29,0.000000,,,,,10.050000,9.690000,10.280000,10.660000,10.600000,
2003-07-28,0.000000,,,,,10.050000,9.740000,10.360000,10.660000,10.620000,
2003-07-25,0.000000,,,,,10.050000,9.780000,10.380000,10.590000,10.540000,
2003-07-24,0.000000,,,,,10.040000,9.790000,10.200000,10.520000,10.550000,
2003-07-23,0.000000,,,,,10.040000,9.810000,10.270000,10.540000,10.390000,
2003-07-22,0.000000,,,,,10.040000,9.790000,10.270000,10.500000,10.300000,
2003-07-21,0.000000,,,,,10.040000,9.780000,10.170000,10.400000,10.270000,
2003-07-18,0.000000,,,,,10.040000,9.850000,10.320000,10.520000,10.260000,
2003-07-17,0.000000,,,,,10.040000,9.850000,10.200000,10.440000,10.230000,
2003-07-16,0.000000,,,,,10.040000,9.860000,10.330000,10.670000,10.380000,
2003-07-15,0.000000,,,,,10.040000,9.860000,10.400000,10.750000,10.460000,
2003-07-14,0.000000,,,,,10.030000,9.930000,10.430000,10.800000,10.550000,
2003-07-11,0.000000,,,,,10.030000,9.950000,10.370000,10.680000,10.420000,
2003-07-10,0.000000,,,,,10.030000,9.940000,10.270000,10.590000,10.430000,
2003-07-09,0.000000,,,,,10.030000,9.920000,10.410000,10.740000,10.500000,
2003-07-08,0.000000,,,,,10.030000,9.910000,10.470000,10.700000,10.530000,
2003-07-07,0.000000,,,,,10.030000,9.920000,10.430000,10.580000,10.560000,
2003-07-03,0.000000,,,,,10.020000,9.940000,10.240000,10.390000,10.490000,
2003-07-02,0.000000,,,,,10.020000,9.970000,10.320000,10.430000,10.390000,
2003-07-01,0.000000,,,,,10.020000,9.970000,10.200000,10.260000,10.220000,
2003-06-30,0.000000,,,,,10.020000,9.970000,10.120000,10.220000,10.230000,
2003-06-27,0.000000,,,,,10.020000,9.950000,10.140000,10.230000,10.300000,
2003-06-26,0.000000,,,,,10.020000,9.960000,10.240000,10.240000,10.260000,
2003-06-25,0.000000,,,,,10.020000,10.020000,10.120000,10.120000,10.380000,
2003-06-24,0.000000,,,,,10.020000,10.050000,10.210000,10.080000,10.310000,
2003-06-23,0.000000,,,,,10.020000,10.030000,10.190000,10.060000,10.420000,
2003-06-20,0.000000,,,,,10.020000,10.010000,10.340000,10.250000,10.580000,
2003-06-19,0.000000,,,,,10.010000,10.030000,10.330000,10.260000,10.570000,
2003-06-18,0.000000,,,,,10.010000,10.020000,10.490000,10.390000,10.690000,
2003-06-17,0.000000,,,,,10.010000,10.050000,10.500000,10.410000,10.710000,
2003-06-16,0.000000,,,,,10.010000,10.080000,10.490000,10.400000,10.620000,
2003-06-13,0.000000,,,,,10.010000,10.100000,10.260000,10.230000,10.490000,
2003-06-12,0.000000,,,,,10.010000,10.080000,10.370000,10.350000,10.540000,
2003-06-11,0.000000,,,,,10.010000,10.070000,10.350000,10.320000,10.490000,
2003-06-10,0.000000,,,,,10.010000,10.070000,10.220000,10.190000,10.320000,
2003-06-06,0.000000,,,,,10.000000,10.000000,10.250000,10.250000,10.370000,
2003-06-05,0.000000,,,,,10.000000,10.000000,10.270000,10.300000,10.280000,
2003-06-04,0.000000,,,,,10.000000,10.020000,10.230000,10.200000,10.180000,
2003-06-03,0.000000,,,,,10.000000,10.010000,10.080000,10.040000,10.120000,
2003-06-02,0.000000,,,,,10.000000,9.970000,10.030000,10.050000,10.170000,